,id,time,value,hisvalue,dayrate
0,0.0,2017-07-19,3.2466,3.6366,0.78%
1,1.0,2017-07-18,3.2214,3.6114,0.40%
2,2.0,2017-07-17,3.2086,3.5986,-1.22%
3,3.0,2017-07-14,3.2481,3.6381,0.44%
4,4.0,2017-07-13,3.2340,3.6240,-0.06%
5,5.0,2017-07-12,3.2360,3.6260,-0.82%
6,6.0,2017-07-11,3.2629,3.6529,0.76%
7,7.0,2017-07-10,3.2383,3.6283,-0.45%
8,8.0,2017-07-07,3.2530,3.6430,-0.53%
9,9.0,2017-07-06,3.2704,3.6604,-0.41%
10,10.0,2017-07-05,3.2840,3.6740,0.53%
11,11.0,2017-07-04,3.2668,3.6568,-1.13%
12,12.0,2017-07-03,3.3041,3.6941,-0.96%
13,13.0,2017-06-30,3.3362,3.7262,0.22%
14,14.0,2017-06-29,3.3288,3.7188,0.02%
15,15.0,2017-06-28,3.3283,3.7183,-1.42%
16,16.0,2017-06-27,3.3762,3.7662,0.04%
17,17.0,2017-06-26,3.3749,3.7649,1.14%
18,18.0,2017-06-23,3.3369,3.7269,0.79%
19,19.0,2017-06-22,3.3106,3.7006,-0.63%
20,20.0,2017-06-21,3.3317,3.7217,1.73%
21,21.0,2017-06-20,3.2752,3.6652,-0.38%
22,22.0,2017-06-19,3.2878,3.6778,0.75%
23,23.0,2017-06-16,3.2634,3.6534,-0.10%
24,24.0,2017-06-15,3.2666,3.6566,-0.50%
25,25.0,2017-06-14,3.2830,3.6730,-1.06%
26,26.0,2017-06-13,3.3181,3.7081,0.13%
27,27.0,2017-06-12,3.3139,3.7039,0.48%
28,28.0,2017-06-09,3.2981,3.6881,-0.01%
29,29.0,2017-06-08,3.6485,3.6885,1.06%
30,30.0,2017-06-07,3.6104,3.6504,1.19%
31,31.0,2017-06-06,3.5680,3.6080,1.00%
32,32.0,2017-06-05,3.5326,3.5726,-0.37%
33,33.0,2017-06-02,3.5456,3.5856,-0.32%
34,34.0,2017-06-01,3.5570,3.5970,0.29%
35,35.0,2017-05-31,3.5466,3.5866,0.27%
36,36.0,2017-05-26,3.5369,3.5769,0.18%
37,37.0,2017-05-25,3.5306,3.5706,-0.31%
38,38.0,2017-05-24,3.5416,3.5816,-0.53%
39,39.0,2017-05-23,3.5606,3.6006,0.55%
40,40.0,2017-05-22,3.5410,3.5810,0.16%
41,41.0,2017-05-19,3.5352,3.5752,1.08%
42,42.0,2017-05-18,3.4974,3.5374,-0.29%
43,43.0,2017-05-17,3.5075,3.5475,-1.16%
44,44.0,2017-05-16,3.5485,3.5885,1.89%
45,45.0,2017-05-15,3.4827,3.5227,0.91%
46,46.0,2017-05-12,3.4512,3.4912,0.42%
47,47.0,2017-05-11,3.4368,3.4768,1.43%
48,48.0,2017-05-10,3.3885,3.4285,-0.24%
49,49.0,2017-05-09,3.3965,3.4365,0.06%
50,50.0,2017-05-08,3.3945,3.4345,-1.17%
51,51.0,2017-05-05,3.4347,3.4747,0.01%
52,52.0,2017-05-04,3.4343,3.4743,-0.27%
53,53.0,2017-05-03,3.4436,3.4836,0.13%
54,54.0,2017-05-02,3.4390,3.4790,0.80%
55,55.0,2017-04-28,3.4117,3.4517,-0.74%
56,56.0,2017-04-27,3.4372,3.4772,0.07%
57,57.0,2017-04-26,3.4349,3.4749,-0.65%
58,58.0,2017-04-25,3.4572,3.4972,1.46%
59,59.0,2017-04-24,3.4074,3.4474,-0.42%
60,60.0,2017-04-21,3.4217,3.4617,-0.60%
61,61.0,2017-04-20,3.4424,3.4824,1.44%
62,62.0,2017-04-19,3.3937,3.4337,-0.11%
63,63.0,2017-04-18,3.3973,3.4373,1.66%
64,64.0,2017-04-17,3.3419,3.3819,0.50%
65,65.0,2017-04-14,3.3252,3.3652,-0.88%
66,66.0,2017-04-13,3.3548,3.3948,1.29%
67,67.0,2017-04-12,3.3121,3.3521,1.08%
68,68.0,2017-04-11,3.2766,3.3166,-0.42%
69,69.0,2017-04-10,3.2903,3.3303,-0.89%
70,70.0,2017-04-07,3.3200,3.3600,0.05%
71,71.0,2017-04-06,3.3184,3.3584,0.11%
72,72.0,2017-04-05,3.3146,3.3546,0.57%
73,73.0,2017-03-31,3.2958,3.3358,0.66%
74,74.0,2017-03-30,3.2743,3.3143,-0.63%
75,75.0,2017-03-29,3.2951,3.3351,0.16%
76,76.0,2017-03-28,3.2899,3.3299,0.09%
77,77.0,2017-03-27,3.2868,3.3268,-1.18%
78,78.0,2017-03-24,3.3259,3.3659,0.35%
79,79.0,2017-03-23,3.3144,3.3544,-0.33%
80,80.0,2017-03-22,3.3254,3.3654,0.92%
81,81.0,2017-03-21,3.2951,3.3351,1.56%
82,82.0,2017-03-20,3.2445,3.2845,0.51%
83,83.0,2017-03-17,3.2281,3.2681,-0.23%
84,84.0,2017-03-16,3.2355,3.2755,-0.05%
85,85.0,2017-03-15,3.2370,3.2770,0.77%
86,86.0,2017-03-14,3.2123,3.2523,-0.27%
87,87.0,2017-03-13,3.2211,3.2611,1.13%
88,88.0,2017-03-10,3.1851,3.2251,0.47%
89,89.0,2017-03-09,3.1701,3.2101,-0.32%
90,90.0,2017-03-08,3.1803,3.2203,-0.33%
91,91.0,2017-03-07,3.1909,3.2309,1.06%
92,92.0,2017-03-06,3.1573,3.1973,1.29%
93,93.0,2017-03-03,3.1172,3.1572,0.54%
94,94.0,2017-03-02,3.1005,3.1405,-0.59%
95,95.0,2017-03-01,3.1190,3.1590,0.06%
96,96.0,2017-02-28,3.1171,3.1571,0.50%
97,97.0,2017-02-27,3.1017,3.1417,-1.55%
98,98.0,2017-02-24,3.1506,3.1906,0.15%
99,99.0,2017-02-23,3.1459,3.1859,0.14%
100,100.0,2017-02-22,3.1415,3.1815,0.59%
101,101.0,2017-02-21,3.1230,3.1630,0.06%
102,102.0,2017-02-20,3.1211,3.1611,2.39%
103,103.0,2017-02-17,3.0483,3.0883,0.55%
104,104.0,2017-02-16,3.0316,3.0716,0.35%
105,105.0,2017-02-15,3.0209,3.0609,-0.12%
106,106.0,2017-02-14,3.0244,3.0644,-0.02%
107,107.0,2017-02-13,3.0251,3.0651,1.34%
108,108.0,2017-02-10,2.9851,3.0251,-0.16%
109,109.0,2017-02-09,2.9899,3.0299,0.64%
110,110.0,2017-02-08,2.9708,3.0108,0.33%
111,111.0,2017-02-07,2.9610,3.0010,-0.29%
112,112.0,2017-02-06,2.9697,3.0097,0.52%
113,113.0,2017-02-03,2.9543,2.9943,-0.45%
114,114.0,2017-01-26,2.9676,3.0076,-0.14%
115,115.0,2017-01-25,2.9718,3.0118,0.10%
116,116.0,2017-01-24,2.9688,3.0088,0.12%
117,117.0,2017-01-23,2.9652,3.0052,-0.04%
118,118.0,2017-01-20,2.9664,3.0064,0.75%
119,119.0,2017-01-19,2.9443,2.9843,-0.06%
120,120.0,2017-01-18,2.9462,2.9862,0.93%
121,121.0,2017-01-17,2.9190,2.9590,0.57%
122,122.0,2017-01-16,2.9026,2.9426,-0.43%
123,123.0,2017-01-13,2.9150,2.9550,-0.05%
124,124.0,2017-01-12,2.9165,2.9565,-0.77%
125,125.0,2017-01-11,2.9392,2.9792,-1.13%
126,126.0,2017-01-10,2.9729,3.0129,0.05%
127,127.0,2017-01-09,2.9714,3.0114,0.37%
128,128.0,2017-01-06,2.9605,3.0005,0.07%
129,129.0,2017-01-05,2.9585,2.9985,-0.46%
130,130.0,2017-01-04,2.9722,3.0122,1.57%
131,131.0,2017-01-03,2.9263,2.9663,0.87%
132,132.0,2016-12-31,2.9008,2.9408,-0.01%
133,133.0,2016-12-30,2.9010,2.9410,0.82%
134,134.0,2016-12-29,2.8774,2.9174,-0.15%
135,135.0,2016-12-28,2.8818,2.9218,-0.08%
136,136.0,2016-12-27,2.8840,2.9240,0.35%
137,137.0,2016-12-26,2.8738,2.9138,0.03%
138,138.0,2016-12-23,2.8728,2.9128,-0.88%
139,139.0,2016-12-22,2.8984,2.9384,-0.57%
140,140.0,2016-12-21,2.9151,2.9551,0.80%
141,141.0,2016-12-20,2.8919,2.9319,-0.45%
142,142.0,2016-12-19,2.9050,2.9450,-0.31%
143,143.0,2016-12-16,2.9139,2.9539,0.62%
144,144.0,2016-12-15,2.8960,2.9360,-0.66%
145,145.0,2016-12-14,2.9152,2.9552,-0.98%
146,146.0,2016-12-13,2.9441,2.9841,0.65%
147,147.0,2016-12-12,2.9252,2.9652,-2.34%
148,148.0,2016-12-09,2.9953,3.0353,-0.09%
149,149.0,2016-12-08,2.9981,3.0381,0.40%
150,150.0,2016-12-07,2.9862,3.0262,0.13%
151,151.0,2016-12-06,2.9822,3.0222,0.69%
152,152.0,2016-12-05,2.9617,3.0017,-0.73%
153,153.0,2016-12-02,2.9836,3.0236,-0.88%
154,154.0,2016-12-01,3.0102,3.0502,0.08%
155,155.0,2016-11-30,3.0079,3.0479,-1.20%
156,156.0,2016-11-29,3.0443,3.0843,1.45%
157,157.0,2016-11-28,3.0007,3.0407,0.51%
158,158.0,2016-11-25,2.9854,3.0254,0.24%
159,159.0,2016-11-24,2.9784,3.0184,0.37%
160,160.0,2016-11-23,2.9674,3.0074,0.45%
161,161.0,2016-11-22,2.9541,2.9941,0.16%
162,162.0,2016-11-21,2.9494,2.9894,0.03%
163,163.0,2016-11-18,2.9486,2.9886,-0.40%
164,164.0,2016-11-17,2.9603,3.0003,0.28%
165,165.0,2016-11-16,2.9520,2.9920,-0.23%
166,166.0,2016-11-15,2.9589,2.9989,0.90%
167,167.0,2016-11-14,2.9325,2.9725,-0.70%
168,168.0,2016-11-11,2.9533,2.9933,-0.51%
169,169.0,2016-11-10,2.9685,3.0085,0.77%
170,170.0,2016-11-09,2.9458,2.9858,-0.47%
171,171.0,2016-11-08,2.9598,2.9998,0.87%
172,172.0,2016-11-07,2.9343,2.9743,-0.39%
173,173.0,2016-11-04,2.9457,2.9857,-0.63%
174,174.0,2016-11-03,2.9644,3.0044,0.32%
175,175.0,2016-11-02,2.9550,2.9950,-0.66%
176,176.0,2016-11-01,2.9747,3.0147,0.81%
177,177.0,2016-10-31,2.9509,2.9909,-0.25%
178,178.0,2016-10-28,2.9583,2.9983,-0.37%
179,179.0,2016-10-27,2.9692,3.0092,-0.33%
180,180.0,2016-10-26,2.9790,3.0190,0.26%
181,181.0,2016-10-25,2.9713,3.0113,1.33%
182,182.0,2016-10-24,2.9322,2.9722,0.41%
183,183.0,2016-10-21,2.9201,2.9601,-0.56%
184,184.0,2016-10-20,2.9366,2.9766,-0.18%
185,185.0,2016-10-19,2.9420,2.9820,-0.41%
186,186.0,2016-10-18,2.9542,2.9942,1.01%
187,187.0,2016-10-17,2.9246,2.9646,-0.50%
188,188.0,2016-10-14,2.9393,2.9793,-0.27%
189,189.0,2016-10-13,2.9473,2.9873,-0.49%
190,190.0,2016-10-12,2.9619,3.0019,-0.24%
191,191.0,2016-10-11,2.9689,3.0089,0.08%
192,192.0,2016-10-10,2.9666,3.0066,0.94%
193,193.0,2016-09-30,2.9390,2.9790,1.15%
194,194.0,2016-09-29,2.9056,2.9456,0.42%
195,195.0,2016-09-28,2.8935,2.9335,-0.12%
196,196.0,2016-09-27,2.8969,2.9369,0.69%
197,197.0,2016-09-26,2.8770,2.9170,-1.50%
198,198.0,2016-09-23,2.9208,2.9608,-0.10%
199,199.0,2016-09-22,2.9236,2.9636,0.69%
200,200.0,2016-09-21,2.9037,2.9437,0.29%
201,201.0,2016-09-20,2.8953,2.9353,-0.07%
202,202.0,2016-09-19,2.8972,2.9372,0.85%
203,203.0,2016-09-14,2.8729,2.9129,-0.62%
204,204.0,2016-09-13,2.8909,2.9309,0.46%
205,205.0,2016-09-12,2.8777,2.9177,-2.18%
206,206.0,2016-09-09,2.9419,2.9819,-0.55%
207,207.0,2016-09-08,2.9583,2.9983,-0.08%
208,208.0,2016-09-07,2.9606,3.0006,-0.27%
209,209.0,2016-09-06,2.9685,3.0085,0.68%
210,210.0,2016-09-05,2.9485,2.9885,0.43%
211,211.0,2016-09-02,2.9360,2.9760,-0.37%
212,212.0,2016-09-01,2.9468,2.9868,-0.40%
213,213.0,2016-08-31,2.9586,2.9986,0.40%
214,214.0,2016-08-30,2.9467,2.9867,0.03%
215,215.0,2016-08-29,2.9459,2.9859,0.15%
216,216.0,2016-08-26,2.9416,2.9816,-0.02%
217,217.0,2016-08-25,2.9423,2.9823,-0.70%
218,218.0,2016-08-24,2.9631,3.0031,-0.69%
219,219.0,2016-08-23,2.9836,3.0236,0.22%
220,220.0,2016-08-22,2.9771,3.0171,-0.17%
221,221.0,2016-08-19,2.9822,3.0222,-0.42%
222,222.0,2016-08-18,2.9949,3.0349,-0.46%
223,223.0,2016-08-17,3.0087,3.0487,-0.10%
224,224.0,2016-08-16,3.0117,3.0517,-0.12%
225,225.0,2016-08-15,3.0152,3.0552,2.22%
226,226.0,2016-08-12,2.9498,2.9898,0.25%
227,227.0,2016-08-11,2.9423,2.9823,0.10%
228,228.0,2016-08-10,2.9395,2.9795,-0.10%
229,229.0,2016-08-09,2.9424,2.9824,0.92%
230,230.0,2016-08-08,2.9155,2.9555,0.58%
231,231.0,2016-08-05,2.8988,2.9388,-1.06%
232,232.0,2016-08-04,2.9300,2.9700,-0.48%
233,233.0,2016-08-03,2.9440,2.9840,0.44%
234,234.0,2016-08-02,2.9310,2.9710,-0.31%
235,235.0,2016-08-01,2.9401,2.9801,-1.78%
236,236.0,2016-07-29,2.9935,3.0335,0.58%
237,237.0,2016-07-28,2.9762,3.0162,2.19%
238,238.0,2016-07-27,2.9125,2.9525,-1.27%
239,239.0,2016-07-26,2.9500,2.9900,2.07%
240,240.0,2016-07-25,2.8902,2.9302,0.43%
241,241.0,2016-07-22,2.8779,2.9179,-1.82%
242,242.0,2016-07-21,2.9311,2.9711,0.68%
243,243.0,2016-07-20,2.9112,2.9512,-0.12%
244,244.0,2016-07-19,2.9147,2.9547,-1.59%
245,245.0,2016-07-18,2.9617,3.0017,-0.03%
246,246.0,2016-07-15,2.9627,3.0027,1.18%
247,247.0,2016-07-14,2.9282,2.9682,-0.33%
248,248.0,2016-07-13,2.9378,2.9778,-0.98%
249,249.0,2016-07-12,2.9670,3.0070,2.87%
250,250.0,2016-07-11,2.8843,2.9243,1.25%
251,251.0,2016-07-08,2.8487,2.8887,0.07%
252,252.0,2016-07-07,2.8467,2.8867,-0.21%
253,253.0,2016-07-06,2.8528,2.8928,2.41%
254,254.0,2016-07-05,2.7857,2.8257,0.27%
255,255.0,2016-07-04,2.7781,2.8181,0.99%
256,256.0,2016-07-01,2.7508,2.7908,-0.01%
257,257.0,2016-06-30,2.7511,2.7911,0.32%
258,258.0,2016-06-29,2.7424,2.7824,0.16%
259,259.0,2016-06-28,2.7380,2.7780,0.11%
260,260.0,2016-06-27,2.7351,2.7751,2.31%
261,261.0,2016-06-24,2.6733,2.7133,-0.92%
262,262.0,2016-06-23,2.6980,2.7380,-0.44%
263,263.0,2016-06-22,2.7100,2.7500,0.85%
264,264.0,2016-06-21,2.6872,2.7272,-0.94%
265,265.0,2016-06-20,2.7126,2.7526,0.13%
266,266.0,2016-06-17,2.7090,2.7490,1.61%
267,267.0,2016-06-16,2.6660,2.7060,-0.33%
268,268.0,2016-06-15,2.6747,2.7147,1.95%
269,269.0,2016-06-14,2.6235,2.6635,1.41%
270,270.0,2016-06-13,2.5870,2.6270,-2.39%
271,271.0,2016-06-08,2.6504,2.6904,-0.87%
272,272.0,2016-06-07,2.6736,2.7136,0.21%
273,273.0,2016-06-06,2.6680,2.7080,0.60%
274,274.0,2016-06-03,2.6520,2.6920,2.26%
275,275.0,2016-06-02,2.5933,2.6333,0.17%
276,276.0,2016-06-01,2.5888,2.6288,0.14%
277,277.0,2016-05-31,2.5851,2.6251,2.78%
278,278.0,2016-05-30,2.5151,2.5551,0.14%
279,279.0,2016-05-27,2.5115,2.5515,0.13%
280,280.0,2016-05-26,2.5082,2.5482,0.16%
281,281.0,2016-05-25,2.5042,2.5442,-0.64%
282,282.0,2016-05-24,2.5204,2.5604,-1.12%
283,283.0,2016-05-23,2.5490,2.5890,0.37%
284,284.0,2016-05-20,2.5396,2.5796,0.81%
285,285.0,2016-05-19,2.5191,2.5591,-0.21%
286,286.0,2016-05-18,2.5245,2.5645,-1.34%
287,287.0,2016-05-17,2.5588,2.5988,-0.91%
288,288.0,2016-05-16,2.5824,2.6224,0.83%
289,289.0,2016-05-13,2.5611,2.6011,-0.59%
290,290.0,2016-05-12,2.5763,2.6163,-0.06%
291,291.0,2016-05-11,2.5779,2.6179,2.26%
292,292.0,2016-05-10,2.5210,2.5610,0.55%
293,293.0,2016-05-09,2.5072,2.5472,-0.59%
294,294.0,2016-05-06,2.5221,2.5621,-2.01%
295,295.0,2016-05-05,2.5739,2.6139,-0.21%
296,296.0,2016-05-04,2.5792,2.6192,-0.30%
297,297.0,2016-05-03,2.5870,2.6270,3.53%
298,298.0,2016-04-29,2.4988,2.5388,0.75%
299,299.0,2016-04-28,2.4802,2.5202,0.08%
300,300.0,2016-04-27,2.4783,2.5183,0.02%
301,301.0,2016-04-26,2.4779,2.5179,0.58%
302,302.0,2016-04-25,2.4635,2.5035,0.08%
303,303.0,2016-04-22,2.4616,2.5016,1.08%
304,304.0,2016-04-21,2.4353,2.4753,-0.30%
305,305.0,2016-04-20,2.4426,2.4826,-2.00%
306,306.0,2016-04-19,2.4924,2.5324,0.47%
307,307.0,2016-04-18,2.4807,2.5207,-1.18%
308,308.0,2016-04-15,2.5102,2.5502,-0.21%
309,309.0,2016-04-14,2.5156,2.5556,0.59%
310,310.0,2016-04-13,2.5009,2.5409,0.48%
311,311.0,2016-04-12,2.4890,2.5290,-0.45%
312,312.0,2016-04-11,2.5003,2.5403,0.54%
313,313.0,2016-04-08,2.4868,2.5268,-0.70%
314,314.0,2016-04-07,2.5043,2.5443,-1.51%
315,315.0,2016-04-06,2.5426,2.5826,0.65%
316,316.0,2016-04-05,2.5263,2.5663,0.98%
317,317.0,2016-04-01,2.5019,2.5419,-0.48%
318,318.0,2016-03-31,2.5139,2.5539,0.30%
319,319.0,2016-03-30,2.5064,2.5464,1.70%
320,320.0,2016-03-29,2.4644,2.5044,-1.07%
321,321.0,2016-03-28,2.4911,2.5311,0.87%
322,322.0,2016-03-25,2.4697,2.5097,0.85%
323,323.0,2016-03-24,2.4489,2.4889,0.02%
324,324.0,2016-03-23,2.4485,2.4885,-0.24%
325,325.0,2016-03-22,2.4543,2.4943,0.09%
326,326.0,2016-03-21,2.4522,2.4922,1.16%
327,327.0,2016-03-18,2.4242,2.4642,1.41%
328,328.0,2016-03-17,2.3904,2.4304,1.53%
329,329.0,2016-03-16,2.3543,2.3943,-0.65%
330,330.0,2016-03-15,2.3696,2.4096,-0.02%
331,331.0,2016-03-14,2.3700,2.4100,1.50%
332,332.0,2016-03-11,2.3350,2.3750,-0.13%
333,333.0,2016-03-10,2.3381,2.3781,-0.46%
334,334.0,2016-03-09,2.3488,2.3888,-0.84%
335,335.0,2016-03-08,2.3688,2.4088,-0.63%
336,336.0,2016-03-07,2.3839,2.4239,0.90%
337,337.0,2016-03-04,2.3627,2.4027,0.87%
338,338.0,2016-03-03,2.3424,2.3824,0.08%
339,339.0,2016-03-02,2.3405,2.3805,4.14%
340,340.0,2016-03-01,2.2474,2.2874,1.62%
341,341.0,2016-02-29,2.2116,2.2516,-3.01%
342,342.0,2016-02-26,2.2802,2.3202,1.30%
343,343.0,2016-02-25,2.2509,2.2909,-5.42%
344,344.0,2016-02-24,2.3799,2.4199,0.48%
345,345.0,2016-02-23,2.3685,2.4085,-0.29%
346,346.0,2016-02-22,2.3754,2.4154,2.23%
347,347.0,2016-02-19,2.3236,2.3636,-0.14%
348,348.0,2016-02-18,2.3269,2.3669,-0.50%
349,349.0,2016-02-17,2.3385,2.3785,0.41%
350,350.0,2016-02-16,2.3290,2.3690,2.66%
351,351.0,2016-02-15,2.2686,2.3086,-0.76%
352,352.0,2016-02-05,2.2859,2.3259,-0.55%
353,353.0,2016-02-04,2.2985,2.3385,0.58%
354,354.0,2016-02-03,2.2852,2.3252,-0.53%
355,355.0,2016-02-02,2.2973,2.3373,2.15%
356,356.0,2016-02-01,2.2489,2.2889,-0.20%
357,357.0,2016-01-29,2.2534,2.2934,2.83%
358,358.0,2016-01-28,2.1913,2.2313,-1.27%
359,359.0,2016-01-27,2.2194,2.2594,-0.24%
360,360.0,2016-01-26,2.2248,2.2648,-4.43%
361,361.0,2016-01-25,2.3279,2.3679,0.83%
362,362.0,2016-01-22,2.3087,2.3487,0.85%
363,363.0,2016-01-21,2.2893,2.3293,-2.64%
364,364.0,2016-01-20,2.3513,2.3913,-1.80%
365,365.0,2016-01-19,2.3943,2.4343,2.91%
366,366.0,2016-01-18,2.3265,2.3665,0.15%
367,367.0,2016-01-15,2.3231,2.3631,-2.97%
368,368.0,2016-01-14,2.3941,2.4341,1.84%
369,369.0,2016-01-13,2.3508,2.3908,-0.88%
370,370.0,2016-01-12,2.3716,2.4116,0.48%
371,371.0,2016-01-11,2.3603,2.4003,-4.33%
372,372.0,2016-01-08,2.4670,2.5070,1.93%
373,373.0,2016-01-07,2.4203,2.4603,-6.26%
374,374.0,2016-01-06,2.5818,2.6218,1.41%
375,375.0,2016-01-05,2.5459,2.5859,1.23%
376,376.0,2016-01-04,2.5149,2.5549,-6.11%
377,377.0,2015-12-31,2.6786,2.7186,-0.74%
378,378.0,2015-12-30,2.6985,2.7385,0.28%
379,379.0,2015-12-29,2.6909,2.7309,1.57%
380,380.0,2015-12-28,2.6493,2.6893,-2.30%
381,381.0,2015-12-25,2.7118,2.7518,-0.14%
382,382.0,2015-12-24,2.7157,2.7557,-0.67%
383,383.0,2015-12-23,2.7341,2.7741,-0.85%
384,384.0,2015-12-22,2.7574,2.7974,-0.05%
385,385.0,2015-12-21,2.7589,2.7989,4.37%
386,386.0,2015-12-18,2.6433,2.6833,0.36%
387,387.0,2015-12-17,2.6338,2.6738,1.35%
388,388.0,2015-12-16,2.5988,2.6388,-0.88%
389,389.0,2015-12-15,2.6219,2.6619,0.46%
390,390.0,2015-12-14,2.6099,2.6499,1.12%
391,391.0,2015-12-11,2.5811,2.6211,0.58%
392,392.0,2015-12-10,2.5662,2.6062,-0.28%
393,393.0,2015-12-09,2.5734,2.6134,0.25%
394,394.0,2015-12-08,2.5671,2.6071,-1.70%
395,395.0,2015-12-07,2.6116,2.6516,0.57%
396,396.0,2015-12-04,2.5967,2.6367,-1.00%
397,397.0,2015-12-03,2.6228,2.6628,0.11%
398,398.0,2015-12-02,2.6200,2.6600,2.38%
399,399.0,2015-12-01,2.5592,2.5992,0.95%
400,400.0,2015-11-30,2.5350,2.5750,0.34%
401,401.0,2015-11-27,2.5264,2.5664,-3.59%
402,402.0,2015-11-26,2.6206,2.6606,-0.16%
403,403.0,2015-11-25,2.6247,2.6647,0.49%
404,404.0,2015-11-24,2.6120,2.6520,-0.24%
405,405.0,2015-11-23,2.6184,2.6584,-0.79%
406,406.0,2015-11-20,2.6392,2.6792,-0.05%
407,407.0,2015-11-19,2.6404,2.6804,0.89%
408,408.0,2015-11-18,2.6170,2.6570,-0.98%
409,409.0,2015-11-17,2.6429,2.6829,-0.13%
410,410.0,2015-11-16,2.6464,2.6864,0.04%
411,411.0,2015-11-13,2.6453,2.6853,-0.90%
412,412.0,2015-11-12,2.6694,2.7094,-0.36%
413,413.0,2015-11-11,2.6790,2.7190,0.07%
414,414.0,2015-11-10,2.6771,2.7171,-0.51%
415,415.0,2015-11-09,2.6907,2.7307,-0.10%
416,416.0,2015-11-06,2.6933,2.7333,0.79%
417,417.0,2015-11-05,2.6721,2.7121,0.67%
418,418.0,2015-11-04,2.6542,2.6942,3.29%
419,419.0,2015-11-03,2.5696,2.6096,-0.61%
420,420.0,2015-11-02,2.5853,2.6253,-0.62%
421,421.0,2015-10-30,2.6015,2.6415,0.68%
422,422.0,2015-10-29,2.5839,2.6239,1.17%
423,423.0,2015-10-28,2.5539,2.5939,-1.17%
424,424.0,2015-10-27,2.5842,2.6242,0.50%
425,425.0,2015-10-26,2.5714,2.6114,1.25%
426,426.0,2015-10-23,2.5397,2.5797,2.08%
427,427.0,2015-10-22,2.4880,2.5280,1.98%
428,428.0,2015-10-21,2.4396,2.4796,-4.82%
429,429.0,2015-10-20,2.5631,2.6031,0.15%
430,430.0,2015-10-19,2.5593,2.5993,0.41%
431,431.0,2015-10-16,2.5488,2.5888,1.03%
432,432.0,2015-10-15,2.5228,2.5628,1.62%
433,433.0,2015-10-14,2.4826,2.5226,-1.46%
434,434.0,2015-10-13,2.5193,2.5593,0.48%
435,435.0,2015-10-12,2.5073,2.5473,2.33%
436,436.0,2015-10-09,2.4502,2.4902,0.43%
437,437.0,2015-10-08,2.4398,2.4798,2.59%
438,438.0,2015-09-30,2.3781,2.4181,0.73%
439,439.0,2015-09-29,2.3608,2.4008,-0.50%
440,440.0,2015-09-28,2.3726,2.4126,0.93%
441,441.0,2015-09-25,2.3508,2.3908,-1.41%
442,442.0,2015-09-24,2.3843,2.4243,0.50%
443,443.0,2015-09-23,2.3724,2.4124,-1.59%
444,444.0,2015-09-22,2.4107,2.4507,0.18%
445,445.0,2015-09-21,2.4063,2.4463,1.78%
446,446.0,2015-09-18,2.3643,2.4043,0.89%
447,447.0,2015-09-17,2.3434,2.3834,-2.35%
448,448.0,2015-09-16,2.3997,2.4397,4.53%
449,449.0,2015-09-15,2.2957,2.3357,-2.17%
450,450.0,2015-09-14,2.3467,2.3867,-1.68%
451,451.0,2015-09-11,2.3868,2.4268,-1.27%
452,452.0,2015-09-10,2.4175,2.4575,-1.46%
453,453.0,2015-09-09,2.4532,2.4932,0.98%
454,454.0,2015-09-08,2.4295,2.4695,2.19%
455,455.0,2015-09-07,2.3774,2.4174,-2.38%
456,456.0,2015-09-02,2.4353,2.4753,1.21%
457,457.0,2015-09-01,2.4062,2.4462,-2.06%
458,458.0,2015-08-31,2.4567,2.4967,-0.79%
459,459.0,2015-08-28,2.4763,2.5163,1.88%
460,460.0,2015-08-27,2.4307,2.4707,4.82%
461,461.0,2015-08-26,2.3189,2.3589,3.10%
462,462.0,2015-08-25,2.2492,2.2892,-2.85%
463,463.0,2015-08-24,2.3151,2.3551,-6.95%
464,464.0,2015-08-21,2.4880,2.5280,-3.77%
465,465.0,2015-08-20,2.5855,2.6255,-2.49%
466,466.0,2015-08-19,2.6514,2.6914,1.24%
467,467.0,2015-08-18,2.6189,2.6589,-4.85%
468,468.0,2015-08-17,2.7524,2.7924,0.47%
469,469.0,2015-08-14,2.7396,2.7796,0.08%
470,470.0,2015-08-13,2.7375,2.7775,0.59%
471,471.0,2015-08-12,2.7215,2.7615,-1.62%
472,472.0,2015-08-11,2.7662,2.8062,-0.58%
473,473.0,2015-08-10,2.7822,2.8222,2.35%
474,474.0,2015-08-07,2.7184,2.7584,0.82%
475,475.0,2015-08-06,2.6964,2.7364,-0.02%
476,476.0,2015-08-05,2.6970,2.7370,-1.67%
477,477.0,2015-08-04,2.7428,2.7828,1.56%
478,478.0,2015-08-03,2.7008,2.7408,2.02%
479,479.0,2015-07-31,2.6472,2.6872,1.13%
480,480.0,2015-07-30,2.6176,2.6576,-1.82%
481,481.0,2015-07-29,2.6662,2.7062,1.65%
482,482.0,2015-07-28,2.6230,2.6630,1.62%
483,483.0,2015-07-27,2.5812,2.6212,-6.91%
484,484.0,2015-07-24,2.7729,2.8129,-1.06%
485,485.0,2015-07-23,2.8025,2.8425,0.79%
486,486.0,2015-07-22,2.7806,2.8206,0.01%
487,487.0,2015-07-21,2.7803,2.8203,0.03%
488,488.0,2015-07-20,2.7795,2.8195,-0.85%
489,489.0,2015-07-17,2.8032,2.8432,2.95%
490,490.0,2015-07-16,2.7228,2.7628,1.24%
491,491.0,2015-07-15,2.6894,2.7294,-2.66%
492,492.0,2015-07-14,2.7630,2.8030,-2.75%
493,493.0,2015-07-13,2.8410,2.8810,3.40%
494,494.0,2015-07-10,2.7476,2.7876,7.80%
495,495.0,2015-07-09,2.5488,2.5888,8.33%
496,496.0,2015-07-08,2.3528,2.3928,-6.62%
497,497.0,2015-07-07,2.5196,2.5596,-4.47%
498,498.0,2015-07-06,2.6376,2.6776,1.46%
499,499.0,2015-07-03,2.5997,2.6397,-4.47%
500,500.0,2015-07-02,2.7214,2.7614,-4.06%
501,501.0,2015-07-01,2.8366,2.8766,-3.29%
502,502.0,2015-06-30,2.9330,2.9730,3.82%
503,503.0,2015-06-29,2.8252,2.8652,-0.51%
504,504.0,2015-06-26,2.8396,2.8796,-5.59%
505,505.0,2015-06-25,3.0077,3.0477,-2.52%
506,506.0,2015-06-24,3.0855,3.1255,2.07%
507,507.0,2015-06-23,3.0228,3.0628,4.36%
508,508.0,2015-06-19,2.8964,2.9364,-4.31%
509,509.0,2015-06-18,3.0268,3.0668,-2.74%
510,510.0,2015-06-17,3.1122,3.1522,0.24%
511,511.0,2015-06-16,3.1046,3.1446,-1.76%
512,512.0,2015-06-15,3.1602,3.2002,0.53%
513,513.0,2015-06-12,3.1435,3.1835,0.99%
514,514.0,2015-06-11,3.1128,3.1528,0.30%
515,515.0,2015-06-10,3.1034,3.1434,0.37%
516,516.0,2015-06-09,3.0921,3.1321,-0.35%
517,517.0,2015-06-08,3.1030,3.1430,1.42%
518,518.0,2015-06-05,3.0595,3.0995,1.01%
519,519.0,2015-06-04,3.0288,3.0688,-1.15%
520,520.0,2015-06-03,3.0641,3.1041,-0.90%
521,521.0,2015-06-02,3.0918,3.1318,1.16%
522,522.0,2015-06-01,3.0564,3.0964,3.92%
523,523.0,2015-05-29,2.9412,2.9812,-0.15%
524,524.0,2015-05-28,2.9455,2.9855,-4.44%
525,525.0,2015-05-27,3.0822,3.1222,-1.75%
526,526.0,2015-05-26,3.1370,3.1770,1.44%
527,527.0,2015-05-25,3.0924,3.1324,2.85%
528,528.0,2015-05-22,3.0067,3.0467,1.79%
529,529.0,2015-05-21,2.9537,2.9937,2.26%
530,530.0,2015-05-20,2.8884,2.9284,2.24%
531,531.0,2015-05-19,2.8252,2.8652,2.56%
532,532.0,2015-05-18,2.7547,2.7947,-1.02%
533,533.0,2015-05-15,2.7830,2.8230,-1.00%
534,534.0,2015-05-14,2.8110,2.8510,-1.12%
535,535.0,2015-05-13,2.8428,2.8828,0.57%
536,536.0,2015-05-12,2.8267,2.8667,-0.27%
537,537.0,2015-05-11,2.8344,2.8744,1.91%
538,538.0,2015-05-08,2.7813,2.8213,1.89%
539,539.0,2015-05-07,2.7298,2.7698,0.01%
540,540.0,2015-05-06,2.7294,2.7694,-0.36%
541,541.0,2015-05-05,2.7393,2.7793,-3.73%
542,542.0,2015-05-04,2.8454,2.8854,0.89%
543,543.0,2015-04-30,2.8202,2.8602,0.91%
544,544.0,2015-04-29,2.7947,2.8347,1.86%
545,545.0,2015-04-28,2.7436,2.7836,-1.93%
546,546.0,2015-04-27,2.7976,2.8376,1.01%
547,547.0,2015-04-24,2.7695,2.8095,-0.97%
548,548.0,2015-04-23,2.7966,2.8366,-0.29%
549,549.0,2015-04-22,2.8048,2.8448,1.44%
550,550.0,2015-04-21,2.7649,2.8049,4.84%
551,551.0,2015-04-20,2.6373,2.6773,-1.77%
552,552.0,2015-04-17,2.6847,2.7247,0.25%
553,553.0,2015-04-16,2.6780,2.7180,4.68%
554,554.0,2015-04-15,2.5583,2.5983,-1.58%
555,555.0,2015-04-14,2.5993,2.6393,-0.50%
556,556.0,2015-04-13,2.6123,2.6523,1.45%
557,557.0,2015-04-10,2.5749,2.6149,2.39%
558,558.0,2015-04-09,2.5148,2.5548,-1.13%
559,559.0,2015-04-08,2.5435,2.5835,-0.05%
560,560.0,2015-04-07,2.5448,2.5848,1.58%
561,561.0,2015-04-03,2.5053,2.5453,0.50%
562,562.0,2015-04-02,2.4928,2.5328,0.63%
563,563.0,2015-04-01,2.4771,2.5171,1.74%
564,564.0,2015-03-31,2.4347,2.4747,-0.78%
565,565.0,2015-03-30,2.4539,2.4939,2.24%
566,566.0,2015-03-27,2.4002,2.4402,0.49%
567,567.0,2015-03-26,2.3884,2.4284,1.23%
568,568.0,2015-03-25,2.3593,2.3993,-0.03%
569,569.0,2015-03-24,2.3600,2.4000,-0.41%
570,570.0,2015-03-23,2.3697,2.4097,1.70%
571,571.0,2015-03-20,2.3302,2.3702,0.41%
572,572.0,2015-03-19,2.3208,2.3608,-0.44%
573,573.0,2015-03-18,2.3310,2.3710,1.47%
574,574.0,2015-03-17,2.2973,2.3373,0.71%
575,575.0,2015-03-16,2.2810,2.3210,1.91%
576,576.0,2015-03-13,2.2383,2.2783,0.02%
577,577.0,2015-03-12,2.2378,2.2778,0.68%
578,578.0,2015-03-11,2.2226,2.2626,0.28%
579,579.0,2015-03-10,2.2164,2.2564,-0.26%
580,580.0,2015-03-09,2.2221,2.2621,1.65%
581,581.0,2015-03-06,2.1860,2.2260,-0.39%
582,582.0,2015-03-05,2.1946,2.2346,-0.84%
583,583.0,2015-03-04,2.2132,2.2532,0.84%
584,584.0,2015-03-03,2.1948,2.2348,-1.78%
585,585.0,2015-03-02,2.2345,2.2745,0.29%
586,586.0,2015-02-27,2.2281,2.2681,-0.17%
587,587.0,2015-02-26,2.2320,2.2720,1.05%
588,588.0,2015-02-25,2.2087,2.2487,0.06%
589,589.0,2015-02-17,2.2074,2.2474,1.05%
590,590.0,2015-02-16,2.1844,2.2244,0.26%
591,591.0,2015-02-13,2.1787,2.2187,0.23%
592,592.0,2015-02-12,2.1737,2.2137,0.71%
593,593.0,2015-02-11,2.1584,2.1984,0.47%
594,594.0,2015-02-10,2.1484,2.1884,0.77%
595,595.0,2015-02-09,2.1320,2.1720,1.03%
596,596.0,2015-02-06,2.1102,2.1502,-0.89%
597,597.0,2015-02-05,2.1291,2.1691,-1.07%
598,598.0,2015-02-04,2.1522,2.1922,-0.91%
599,599.0,2015-02-03,2.1720,2.2120,0.77%
600,600.0,2015-02-02,2.1554,2.1954,-1.31%
601,601.0,2015-01-30,2.1840,2.2240,-0.18%
602,602.0,2015-01-29,2.1880,2.2280,-1.13%
603,603.0,2015-01-28,2.2130,2.2530,-1.17%
604,604.0,2015-01-27,2.2391,2.2791,-0.24%
605,605.0,2015-01-26,2.2445,2.2845,0.91%
606,606.0,2015-01-23,2.2243,2.2643,-0.75%
607,607.0,2015-01-22,2.2410,2.2810,0.45%
608,608.0,2015-01-21,2.2309,2.2709,2.65%
609,609.0,2015-01-20,2.1734,2.2134,2.81%
610,610.0,2015-01-19,2.1140,2.1540,-4.89%
611,611.0,2015-01-16,2.2228,2.2628,0.40%
612,612.0,2015-01-15,2.2140,2.2540,1.64%
613,613.0,2015-01-14,2.1782,2.2182,-1.36%
614,614.0,2015-01-13,2.2082,2.2482,0.82%
615,615.0,2015-01-12,2.1903,2.2303,-0.08%
616,616.0,2015-01-09,2.1920,2.2320,-0.44%
617,617.0,2015-01-08,2.2017,2.2417,-0.84%
618,618.0,2015-01-07,2.2203,2.2603,-0.51%
619,619.0,2015-01-06,2.2317,2.2717,-0.25%
620,620.0,2015-01-05,2.2374,2.2774,5.07%
621,621.0,2014-12-31,2.1295,2.1695,3.84%
622,622.0,2014-12-30,2.0507,2.0907,0.50%
623,623.0,2014-12-29,2.0406,2.0806,2.09%
624,624.0,2014-12-26,1.9989,2.0389,1.86%
625,625.0,2014-12-25,1.9624,2.0024,1.55%
626,626.0,2014-12-24,1.9324,1.9724,-2.04%
627,627.0,2014-12-23,1.9727,2.0127,1.14%
628,628.0,2014-12-22,1.9504,1.9904,-0.04%
629,629.0,2014-12-19,1.9512,1.9912,-0.81%
630,630.0,2014-12-18,1.9672,2.0072,0.05%
631,631.0,2014-12-17,1.9662,2.0062,0.46%
632,632.0,2014-12-16,1.9572,1.9972,-0.14%
633,633.0,2014-12-15,1.9600,2.0000,-0.79%
634,634.0,2014-12-12,1.9757,2.0157,0.44%
635,635.0,2014-12-11,1.9671,2.0071,0.30%
636,636.0,2014-12-10,1.9612,2.0012,4.63%
637,637.0,2014-12-09,1.8745,1.9145,-3.26%
638,638.0,2014-12-08,1.9376,1.9776,2.58%
639,639.0,2014-12-05,1.8889,1.9289,-2.29%
640,640.0,2014-12-04,1.9331,1.9731,2.75%
641,641.0,2014-12-03,1.8814,1.9214,1.95%
642,642.0,2014-12-02,1.8455,1.8855,1.31%
643,643.0,2014-12-01,1.8216,1.8616,1.71%
644,644.0,2014-11-28,1.7909,1.8309,1.35%
645,645.0,2014-11-27,1.7671,1.8071,0.11%
646,646.0,2014-11-26,1.7652,1.8052,0.26%
647,647.0,2014-11-25,1.7607,1.8007,0.95%
648,648.0,2014-11-24,1.7442,1.7842,2.07%
649,649.0,2014-11-21,1.7088,1.7488,1.30%
650,650.0,2014-11-20,1.6869,1.7269,-0.64%
651,651.0,2014-11-19,1.6978,1.7378,-0.29%
652,652.0,2014-11-18,1.7027,1.7427,-1.40%
653,653.0,2014-11-17,1.7269,1.7669,0.13%
654,654.0,2014-11-14,1.7246,1.7646,0.73%
655,655.0,2014-11-13,1.7121,1.7521,-0.38%
656,656.0,2014-11-12,1.7186,1.7586,1.26%
657,657.0,2014-11-11,1.6972,1.7372,-0.49%
658,658.0,2014-11-10,1.7055,1.7455,2.10%
659,659.0,2014-11-07,1.6705,1.7105,-0.28%
660,660.0,2014-11-06,1.6752,1.7152,0.43%
661,661.0,2014-11-05,1.6680,1.7080,-0.80%
662,662.0,2014-11-04,1.6815,1.7215,-0.84%
663,663.0,2014-11-03,1.6958,1.7358,0.01%
664,664.0,2014-10-31,1.6956,1.7356,0.84%
665,665.0,2014-10-30,1.6815,1.7215,-0.07%
666,666.0,2014-10-29,1.6826,1.7226,1.01%
667,667.0,2014-10-28,1.6657,1.7057,0.57%
668,668.0,2014-10-27,1.6563,1.6963,-0.81%
669,669.0,2014-10-24,1.6699,1.7099,-0.11%
670,670.0,2014-10-23,1.6718,1.7118,-1.16%
671,671.0,2014-10-22,1.6915,1.7315,-0.86%
672,672.0,2014-10-21,1.7062,1.7462,-0.44%
673,673.0,2014-10-20,1.7138,1.7538,0.01%
674,674.0,2014-10-17,1.7136,1.7536,1.18%
675,675.0,2014-10-16,1.6936,1.7336,-1.31%
676,676.0,2014-10-15,1.7161,1.7561,-0.06%
677,677.0,2014-10-14,1.7171,1.7571,-0.31%
678,678.0,2014-10-13,1.7225,1.7625,-0.72%
679,679.0,2014-10-10,1.7350,1.7750,-0.24%
680,680.0,2014-10-09,1.7392,1.7792,0.16%
681,681.0,2014-10-08,1.7364,1.7764,1.51%
682,682.0,2014-09-30,1.7106,1.7506,0.07%
683,683.0,2014-09-29,1.7094,1.7494,0.19%
684,684.0,2014-09-26,1.7061,1.7461,-0.36%
685,685.0,2014-09-25,1.7123,1.7523,-0.33%
686,686.0,2014-09-24,1.7179,1.7579,1.08%
687,687.0,2014-09-23,1.6996,1.7396,0.84%
688,688.0,2014-09-22,1.6854,1.7254,-1.90%
689,689.0,2014-09-19,1.7180,1.7580,0.44%
690,690.0,2014-09-18,1.7105,1.7505,0.18%
691,691.0,2014-09-17,1.7075,1.7475,0.81%
692,692.0,2014-09-16,1.6937,1.7337,-2.00%
693,693.0,2014-09-15,1.7283,1.7683,-0.74%
694,694.0,2014-09-12,1.7411,1.7811,0.07%
695,695.0,2014-09-11,1.7399,1.7799,-1.05%
696,696.0,2014-09-10,1.7583,1.7983,-0.31%
697,697.0,2014-09-09,1.7637,1.8037,-0.77%
698,698.0,2014-09-05,1.7773,1.8173,0.75%
699,699.0,2014-09-04,1.7641,1.8041,0.36%
700,700.0,2014-09-03,1.7577,1.7977,0.98%
701,701.0,2014-09-02,1.7407,1.7807,1.20%
702,702.0,2014-09-01,1.7201,1.7601,0.68%
703,703.0,2014-08-29,1.7084,1.7484,1.13%
704,704.0,2014-08-28,1.6893,1.7293,-0.65%
705,705.0,2014-08-27,1.7003,1.7403,-0.18%
706,706.0,2014-08-26,1.7034,1.7434,-0.90%
707,707.0,2014-08-25,1.7189,1.7589,-1.39%
708,708.0,2014-08-22,1.7432,1.7832,0.66%
709,709.0,2014-08-21,1.7317,1.7717,-0.34%
710,710.0,2014-08-20,1.7376,1.7776,0.07%
711,711.0,2014-08-19,1.7364,1.7764,-0.20%
712,712.0,2014-08-18,1.7398,1.7798,0.04%
713,713.0,2014-08-15,1.7391,1.7791,0.86%
714,714.0,2014-08-14,1.7242,1.7642,-0.82%
715,715.0,2014-08-13,1.7384,1.7784,-0.11%
716,716.0,2014-08-12,1.7403,1.7803,-0.21%
717,717.0,2014-08-11,1.7439,1.7839,1.37%
718,718.0,2014-08-08,1.7204,1.7604,0.08%
719,719.0,2014-08-07,1.7191,1.7591,-1.42%
720,720.0,2014-08-06,1.7439,1.7839,-0.79%
721,721.0,2014-08-05,1.7577,1.7977,-0.35%
722,722.0,2014-08-04,1.7638,1.8038,1.37%
723,723.0,2014-08-01,1.7400,1.7800,-0.28%
724,724.0,2014-07-31,1.7449,1.7849,1.26%
725,725.0,2014-07-30,1.7232,1.7632,-0.86%
726,726.0,2014-07-29,1.7382,1.7782,-0.56%
727,727.0,2014-07-28,1.7480,1.7880,1.70%
728,728.0,2014-07-25,1.7187,1.7587,0.42%
729,729.0,2014-07-24,1.7115,1.7515,1.49%
730,730.0,2014-07-23,1.6863,1.7263,-0.04%
731,731.0,2014-07-22,1.6870,1.7270,1.13%
732,732.0,2014-07-21,1.6681,1.7081,0.46%
733,733.0,2014-07-18,1.6604,1.7004,2.28%
734,734.0,2014-07-17,1.6234,1.6634,-0.60%
735,735.0,2014-07-16,1.6332,1.6732,-0.17%
736,736.0,2014-07-15,1.6359,1.6759,1.41%
737,737.0,2014-07-14,1.6132,1.6532,1.83%
738,738.0,2014-07-11,1.5842,1.6242,0.49%
739,739.0,2014-07-10,1.5765,1.6165,-0.74%
740,740.0,2014-07-09,1.5882,1.6282,-1.59%
741,741.0,2014-07-08,1.6139,1.6539,0.37%
742,742.0,2014-07-07,1.6080,1.6480,0.42%
743,743.0,2014-07-04,1.6012,1.6412,0.18%
744,744.0,2014-07-03,1.5984,1.6384,0.37%
745,745.0,2014-07-02,1.5925,1.6325,-0.28%
746,746.0,2014-07-01,1.5969,1.6369,-0.76%
747,747.0,2014-06-30,1.6091,1.6491,0.47%
748,748.0,2014-06-27,1.6015,1.6415,0.31%
749,749.0,2014-06-26,1.5965,1.6365,0.99%
750,750.0,2014-06-25,1.5808,1.6208,-0.34%
751,751.0,2014-06-24,1.5862,1.6262,1.08%
752,752.0,2014-06-23,1.5692,1.6092,0.77%
753,753.0,2014-06-20,1.5572,1.5972,0.10%
754,754.0,2014-06-19,1.5556,1.5956,-0.94%
755,755.0,2014-06-18,1.5704,1.6104,-0.44%
756,756.0,2014-06-17,1.5774,1.6174,-0.77%
757,757.0,2014-06-16,1.5896,1.6296,0.02%
758,758.0,2014-06-13,1.5893,1.6293,0.27%
759,759.0,2014-06-12,1.5851,1.6251,0.23%
760,760.0,2014-06-11,1.5815,1.6215,0.67%
761,761.0,2014-06-10,1.5710,1.6110,0.88%
762,762.0,2014-06-09,1.5573,1.5973,0.02%
763,763.0,2014-06-06,1.5570,1.5970,-0.36%
764,764.0,2014-06-05,1.5627,1.6027,1.08%
765,765.0,2014-06-04,1.5460,1.5860,-1.06%
766,766.0,2014-06-03,1.5626,1.6026,-0.95%
767,767.0,2014-05-30,1.5776,1.6176,-0.03%
768,768.0,2014-05-29,1.5780,1.6180,-0.39%
769,769.0,2014-05-28,1.5842,1.6242,0.92%
770,770.0,2014-05-27,1.5698,1.6098,-0.42%
771,771.0,2014-05-26,1.5764,1.6164,0.83%
772,772.0,2014-05-23,1.5635,1.6035,1.10%
773,773.0,2014-05-22,1.5465,1.5865,0.44%
774,774.0,2014-05-21,1.5397,1.5797,1.40%
775,775.0,2014-05-20,1.5185,1.5585,-0.49%
776,776.0,2014-05-19,1.5260,1.5660,-1.76%
777,777.0,2014-05-16,1.5533,1.5933,0.17%
778,778.0,2014-05-15,1.5506,1.5906,-1.54%
779,779.0,2014-05-14,1.5749,1.6149,-0.24%
780,780.0,2014-05-13,1.5787,1.6187,0.58%
781,781.0,2014-05-12,1.5696,1.6096,0.98%
782,782.0,2014-05-09,1.5543,1.5943,-0.75%
783,783.0,2014-05-08,1.5660,1.6060,-0.11%
784,784.0,2014-05-07,1.5678,1.6078,-0.62%
785,785.0,2014-05-06,1.5776,1.6176,0.08%
786,786.0,2014-05-05,1.5764,1.6164,-0.01%
787,787.0,2014-04-30,1.5766,1.6166,0.79%
788,788.0,2014-04-29,1.5642,1.6042,1.51%
789,789.0,2014-04-28,1.5410,1.5810,-1.86%
790,790.0,2014-04-25,1.5702,1.6102,-2.05%
791,791.0,2014-04-24,1.6031,1.6431,-0.30%
792,792.0,2014-04-23,1.6080,1.6480,0.51%
793,793.0,2014-04-22,1.5998,1.6398,-0.30%
794,794.0,2014-04-21,1.6046,1.6446,-1.56%
795,795.0,2014-04-18,1.6301,1.6701,-0.02%
796,796.0,2014-04-17,1.6304,1.6704,-0.30%
797,797.0,2014-04-16,1.6353,1.6753,0.07%
798,798.0,2014-04-15,1.6341,1.6741,-1.08%
799,799.0,2014-04-14,1.6520,1.6920,0.63%
800,800.0,2014-04-11,1.6416,1.6816,1.32%
801,801.0,2014-04-10,1.6202,1.6602,0.42%
802,802.0,2014-04-09,1.6134,1.6534,0.65%
803,803.0,2014-04-08,1.6030,1.6430,0.80%
804,804.0,2014-04-04,1.5902,1.6302,0.91%
805,805.0,2014-04-03,1.5759,1.6159,-0.78%
806,806.0,2014-04-02,1.5883,1.6283,1.05%
807,807.0,2014-04-01,1.5718,1.6118,1.58%
808,808.0,2014-03-31,1.5473,1.5873,0.83%
809,809.0,2014-03-28,1.5346,1.5746,-1.39%
810,810.0,2014-03-27,1.5563,1.5963,-1.22%
811,811.0,2014-03-26,1.5755,1.6155,-0.28%
812,812.0,2014-03-25,1.5800,1.6200,-0.06%
813,813.0,2014-03-24,1.5810,1.6210,0.68%
814,814.0,2014-03-21,1.5703,1.6103,2.90%
815,815.0,2014-03-20,1.5260,1.5660,-1.77%
816,816.0,2014-03-19,1.5535,1.5935,-1.25%
817,817.0,2014-03-18,1.5731,1.6131,-0.01%
818,818.0,2014-03-17,1.5732,1.6132,1.31%
819,819.0,2014-03-14,1.5529,1.5929,-1.03%
820,820.0,2014-03-13,1.5690,1.6090,1.34%
821,821.0,2014-03-12,1.5482,1.5882,-0.45%
822,822.0,2014-03-11,1.5552,1.5952,1.73%
823,823.0,2014-03-10,1.5288,1.5688,-2.16%
824,824.0,2014-03-07,1.5625,1.6025,0.39%
825,825.0,2014-03-06,1.5565,1.5965,1.87%
826,826.0,2014-03-05,1.5279,1.5679,-0.24%
827,827.0,2014-03-04,1.5316,1.5716,-0.70%
828,828.0,2014-03-03,1.5424,1.5824,1.93%
829,829.0,2014-02-28,1.5132,1.5532,2.67%
830,830.0,2014-02-27,1.4738,1.5138,-2.04%
831,831.0,2014-02-26,1.5045,1.5445,-0.64%
832,832.0,2014-02-25,1.5142,1.5542,-2.18%
833,833.0,2014-02-24,1.5480,1.5880,-2.19%
834,834.0,2014-02-21,1.5827,1.6227,-0.72%
835,835.0,2014-02-20,1.5942,1.6342,-0.39%
836,836.0,2014-02-19,1.6005,1.6405,-0.13%
837,837.0,2014-02-18,1.6026,1.6426,-0.64%
838,838.0,2014-02-17,1.6130,1.6530,0.70%
839,839.0,2014-02-14,1.6018,1.6418,0.88%
840,840.0,2014-02-13,1.5879,1.6279,-0.94%
841,841.0,2014-02-12,1.6030,1.6430,0.31%
842,842.0,2014-02-11,1.5981,1.6381,0.47%
843,843.0,2014-02-10,1.5906,1.6306,2.26%
844,844.0,2014-02-07,1.5554,1.5954,0.76%
845,845.0,2014-01-30,1.5436,1.5836,-1.06%
846,846.0,2014-01-29,1.5602,1.6002,-0.57%
847,847.0,2014-01-28,1.5692,1.6092,-0.43%
848,848.0,2014-01-27,1.5759,1.6159,-1.07%
849,849.0,2014-01-24,1.5929,1.6329,0.66%
850,850.0,2014-01-23,1.5824,1.6224,0.22%
851,851.0,2014-01-22,1.5789,1.6189,2.83%
852,852.0,2014-01-21,1.5354,1.5754,0.39%
853,853.0,2014-01-20,1.5294,1.5694,-0.25%
854,854.0,2014-01-17,1.5332,1.5732,-1.57%
855,855.0,2014-01-16,1.5577,1.5977,0.21%
856,856.0,2014-01-15,1.5544,1.5944,0.16%
857,857.0,2014-01-14,1.5519,1.5919,1.24%
858,858.0,2014-01-13,1.5329,1.5729,-1.03%
859,859.0,2014-01-10,1.5488,1.5888,-0.56%
860,860.0,2014-01-09,1.5575,1.5975,-0.71%
861,861.0,2014-01-08,1.5686,1.6086,0.45%
862,862.0,2014-01-07,1.5616,1.6016,-0.07%
863,863.0,2014-01-06,1.5627,1.6027,-2.29%
864,864.0,2014-01-03,1.5993,1.6393,-0.78%
865,865.0,2014-01-02,1.6119,1.6519,-0.52%
866,866.0,2013-12-31,1.6203,1.6603,0.94%
867,867.0,2013-12-30,1.6052,1.6452,0.20%
868,868.0,2013-12-27,1.6020,1.6420,1.03%
869,869.0,2013-12-26,1.5856,1.6256,-0.84%
870,870.0,2013-12-25,1.5991,1.6391,1.24%
871,871.0,2013-12-24,1.5795,1.6195,-0.04%
872,872.0,2013-12-23,1.5802,1.6202,0.06%
873,873.0,2013-12-20,1.5793,1.6193,-1.05%
874,874.0,2013-12-19,1.5961,1.6361,-0.83%
875,875.0,2013-12-18,1.6095,1.6495,-0.25%
876,876.0,2013-12-17,1.6136,1.6536,0.29%
877,877.0,2013-12-16,1.6090,1.6490,-0.52%
878,878.0,2013-12-13,1.6174,1.6574,0.53%
879,879.0,2013-12-12,1.6089,1.6489,0.34%
880,880.0,2013-12-11,1.6035,1.6435,-0.96%
881,881.0,2013-12-10,1.6191,1.6591,-0.05%
882,882.0,2013-12-09,1.6199,1.6599,0.01%
883,883.0,2013-12-06,1.6197,1.6597,-0.36%
884,884.0,2013-12-05,1.6256,1.6656,-0.42%
885,885.0,2013-12-04,1.6325,1.6725,0.78%
886,886.0,2013-12-03,1.6199,1.6599,1.03%
887,887.0,2013-12-02,1.6034,1.6434,-1.66%
888,888.0,2013-11-29,1.6304,1.6704,-0.06%
889,889.0,2013-11-28,1.6313,1.6713,1.70%
890,890.0,2013-11-27,1.6041,1.6441,0.28%
891,891.0,2013-11-26,1.5996,1.6396,-0.08%
892,892.0,2013-11-25,1.6008,1.6408,-0.37%
893,893.0,2013-11-22,1.6067,1.6467,-0.51%
894,894.0,2013-11-21,1.6150,1.6550,-1.15%
895,895.0,2013-11-20,1.6338,1.6738,0.26%
896,896.0,2013-11-19,1.6295,1.6695,-1.24%
897,897.0,2013-11-18,1.6499,1.6899,1.31%
898,898.0,2013-11-15,1.6285,1.6685,1.43%
899,899.0,2013-11-14,1.6056,1.6456,0.11%
900,900.0,2013-11-13,1.6038,1.6438,-1.75%
901,901.0,2013-11-12,1.6324,1.6724,1.41%
902,902.0,2013-11-11,1.6097,1.6497,0.31%
903,903.0,2013-11-08,1.6047,1.6447,-0.84%
904,904.0,2013-11-07,1.6183,1.6583,-1.15%
905,905.0,2013-11-06,1.6371,1.6771,-1.47%
906,906.0,2013-11-05,1.6616,1.7016,-0.28%
907,907.0,2013-11-04,1.6662,1.7062,-0.44%
908,908.0,2013-11-01,1.6736,1.7136,0.45%
909,909.0,2013-10-31,1.6661,1.7061,-1.40%
910,910.0,2013-10-30,1.6897,1.7297,1.14%
911,911.0,2013-10-29,1.6706,1.7106,-0.14%
912,912.0,2013-10-28,1.6729,1.7129,-0.37%
913,913.0,2013-10-25,1.6791,1.7191,-1.15%
914,914.0,2013-10-24,1.6987,1.7387,-0.36%
915,915.0,2013-10-23,1.7049,1.7449,-1.81%
916,916.0,2013-10-22,1.7363,1.7763,-1.09%
917,917.0,2013-10-21,1.7555,1.7955,2.51%
918,918.0,2013-10-18,1.7125,1.7525,0.26%
919,919.0,2013-10-17,1.7080,1.7480,-0.51%
920,920.0,2013-10-16,1.7167,1.7567,-0.39%
921,921.0,2013-10-15,1.7235,1.7635,0.80%
922,922.0,2013-10-14,1.7098,1.7498,-0.26%
923,923.0,2013-10-11,1.7142,1.7542,0.73%
924,924.0,2013-10-10,1.7017,1.7417,1.11%
925,925.0,2013-10-09,1.6830,1.7230,0.28%
926,926.0,2013-10-08,1.6783,1.7183,1.37%
927,927.0,2013-09-30,1.6556,1.6956,-0.01%
928,928.0,2013-09-27,1.6558,1.6958,0.22%
929,929.0,2013-09-26,1.6522,1.6922,-0.25%
930,930.0,2013-09-25,1.6564,1.6964,-0.54%
931,931.0,2013-09-24,1.6654,1.7054,0.02%
932,932.0,2013-09-23,1.6651,1.7051,1.33%
933,933.0,2013-09-18,1.6433,1.6833,-0.19%
934,934.0,2013-09-17,1.6464,1.6864,-1.31%
935,935.0,2013-09-16,1.6683,1.7083,-0.11%
936,936.0,2013-09-13,1.6701,1.7101,0.68%
937,937.0,2013-09-12,1.6589,1.6989,-0.43%
938,938.0,2013-09-11,1.6661,1.7061,-0.15%
939,939.0,2013-09-10,1.6686,1.7086,0.49%
940,940.0,2013-09-09,1.6604,1.7004,1.34%
941,941.0,2013-09-06,1.6385,1.6785,-0.43%
942,942.0,2013-09-05,1.6455,1.6855,0.47%
943,943.0,2013-09-04,1.6378,1.6778,0.09%
944,944.0,2013-09-03,1.6364,1.6764,1.33%
945,945.0,2013-09-02,1.6150,1.6550,-0.81%
946,946.0,2013-08-30,1.6282,1.6682,-0.24%
947,947.0,2013-08-29,1.6321,1.6721,-0.31%
948,948.0,2013-08-28,1.6372,1.6772,-1.25%
949,949.0,2013-08-27,1.6579,1.6979,-0.04%
950,950.0,2013-08-26,1.6586,1.6986,0.85%
951,951.0,2013-08-23,1.6447,1.6847,-0.21%
952,952.0,2013-08-22,1.6481,1.6881,0.11%
953,953.0,2013-08-21,1.6463,1.6863,-0.95%
954,954.0,2013-08-20,1.6621,1.7021,0.29%
955,955.0,2013-08-19,1.6573,1.6973,1.74%
956,956.0,2013-08-16,1.6290,1.6690,-0.97%
957,957.0,2013-08-15,1.6449,1.6849,-1.34%
958,958.0,2013-08-14,1.6672,1.7072,-0.77%
959,959.0,2013-08-13,1.6801,1.7201,-0.34%
960,960.0,2013-08-12,1.6858,1.7258,1.26%
961,961.0,2013-08-09,1.6648,1.7048,0.74%
962,962.0,2013-08-08,1.6525,1.6925,-0.30%
963,963.0,2013-08-07,1.6574,1.6974,0.04%
964,964.0,2013-08-06,1.6567,1.6967,-0.07%
965,965.0,2013-08-05,1.6578,1.6978,1.56%
966,966.0,2013-08-02,1.6323,1.6723,0.83%
967,967.0,2013-08-01,1.6189,1.6589,1.79%
968,968.0,2013-07-31,1.5904,1.6304,0.24%
969,969.0,2013-07-30,1.5866,1.6266,-0.04%
970,970.0,2013-07-29,1.5872,1.6272,-1.59%
971,971.0,2013-07-26,1.6129,1.6529,-0.50%
972,972.0,2013-07-25,1.6210,1.6610,-0.40%
973,973.0,2013-07-24,1.6275,1.6675,-0.09%
974,974.0,2013-07-23,1.6290,1.6690,2.59%
975,975.0,2013-07-22,1.5878,1.6278,1.13%
976,976.0,2013-07-19,1.5701,1.6101,-2.63%
977,977.0,2013-07-18,1.6125,1.6525,-1.29%
978,978.0,2013-07-17,1.6335,1.6735,-1.74%
979,979.0,2013-07-16,1.6625,1.7025,0.40%
980,980.0,2013-07-15,1.6558,1.6958,1.61%
981,981.0,2013-07-12,1.6295,1.6695,-0.83%
982,982.0,2013-07-11,1.6431,1.6831,2.23%
983,983.0,2013-07-10,1.6072,1.6472,1.39%
984,984.0,2013-07-09,1.5852,1.6252,-0.92%
985,985.0,2013-07-08,1.5999,1.6399,-0.97%
986,986.0,2013-07-05,1.6155,1.6555,0.13%
987,987.0,2013-07-04,1.6134,1.6534,0.15%
988,988.0,2013-07-03,1.6110,1.6510,0.42%
989,989.0,2013-07-02,1.6042,1.6442,1.45%
990,990.0,2013-07-01,1.5812,1.6212,2.18%
991,991.0,2013-06-30,1.5474,1.5874,-0.01%
992,992.0,2013-06-28,1.5475,1.5875,1.05%
993,993.0,2013-06-27,1.5314,1.5714,0.88%
994,994.0,2013-06-26,1.5181,1.5581,1.19%
995,995.0,2013-06-25,1.5003,1.5403,0.15%
996,996.0,2013-06-24,1.4981,1.5381,-4.54%
997,997.0,2013-06-21,1.5693,1.6093,-0.02%
998,998.0,2013-06-20,1.5696,1.6096,-2.11%
999,999.0,2013-06-19,1.6034,1.6434,0.03%
1000,1000.0,2013-06-18,1.6030,1.6430,1.42%
1001,1001.0,2013-06-17,1.5805,1.6205,0.11%
1002,1002.0,2013-06-14,1.5788,1.6188,1.56%
1003,1003.0,2013-06-13,1.5546,1.5946,-2.58%
1004,1004.0,2013-06-07,1.5957,1.6357,-1.56%
1005,1005.0,2013-06-06,1.6210,1.6610,-1.18%
1006,1006.0,2013-06-05,1.6403,1.6803,0.10%
1007,1007.0,2013-06-04,1.6386,1.6786,-0.99%
1008,1008.0,2013-06-03,1.6550,1.6950,-0.02%
1009,1009.0,2013-05-31,1.6553,1.6953,-1.02%
1010,1010.0,2013-05-30,1.6723,1.7123,0.15%
1011,1011.0,2013-05-29,1.6698,1.7098,0.31%
1012,1012.0,2013-05-28,1.6646,1.7046,1.32%
1013,1013.0,2013-05-27,1.6429,1.6829,0.53%
1014,1014.0,2013-05-24,1.6342,1.6742,0.52%
1015,1015.0,2013-05-23,1.6257,1.6657,-0.96%
1016,1016.0,2013-05-22,1.6414,1.6814,-0.21%
1017,1017.0,2013-05-21,1.6448,1.6848,-0.08%
1018,1018.0,2013-05-20,1.6461,1.6861,0.56%
1019,1019.0,2013-05-17,1.6369,1.6769,2.15%
1020,1020.0,2013-05-16,1.6025,1.6425,1.74%
1021,1021.0,2013-05-15,1.5751,1.6151,0.63%
1022,1022.0,2013-05-14,1.5652,1.6052,-1.76%
1023,1023.0,2013-05-13,1.5932,1.6332,-0.80%
1024,1024.0,2013-05-10,1.6061,1.6461,0.11%
1025,1025.0,2013-05-09,1.6043,1.6443,-0.04%
1026,1026.0,2013-05-08,1.6050,1.6450,1.05%
1027,1027.0,2013-05-07,1.5884,1.6284,0.20%
1028,1028.0,2013-05-06,1.5852,1.6252,1.12%
1029,1029.0,2013-05-03,1.5677,1.6077,2.05%
1030,1030.0,2013-05-02,1.5362,1.5762,0.25%
1031,1031.0,2013-04-26,1.5324,1.5724,-1.27%
1032,1032.0,2013-04-25,1.5521,1.5921,-0.93%
1033,1033.0,2013-04-24,1.5667,1.6067,1.17%
1034,1034.0,2013-04-23,1.5486,1.5886,-1.94%
1035,1035.0,2013-04-22,1.5792,1.6192,-0.59%
1036,1036.0,2013-04-19,1.5886,1.6286,1.53%
1037,1037.0,2013-04-18,1.5646,1.6046,-0.33%
1038,1038.0,2013-04-17,1.5698,1.6098,1.47%
1039,1039.0,2013-04-16,1.5471,1.5871,0.73%
1040,1040.0,2013-04-15,1.5359,1.5759,-0.12%
1041,1041.0,2013-04-12,1.5377,1.5777,-0.19%
1042,1042.0,2013-04-11,1.5407,1.5807,0.02%
1043,1043.0,2013-04-10,1.5404,1.5804,-0.69%
1044,1044.0,2013-04-09,1.5511,1.5911,0.41%
1045,1045.0,2013-04-08,1.5448,1.5848,-0.09%
1046,1046.0,2013-04-03,1.5462,1.5862,-0.91%
1047,1047.0,2013-04-02,1.5604,1.6004,-1.61%
1048,1048.0,2013-04-01,1.5859,1.6259,0.15%
1049,1049.0,2013-03-29,1.5835,1.6235,-0.13%
1050,1050.0,2013-03-28,1.5855,1.6255,-1.58%
1051,1051.0,2013-03-27,1.6109,1.6509,0.41%
1052,1052.0,2013-03-26,1.6044,1.6444,0.45%
1053,1053.0,2013-03-25,1.5972,1.6372,0.11%
1054,1054.0,2013-03-22,1.5955,1.6355,0.35%
1055,1055.0,2013-03-21,1.5899,1.6299,0.58%
1056,1056.0,2013-03-20,1.5808,1.6208,2.38%
1057,1057.0,2013-03-19,1.5440,1.5840,0.28%
1058,1058.0,2013-03-18,1.5397,1.5797,-0.52%
1059,1059.0,2013-03-15,1.5478,1.5878,-0.03%
1060,1060.0,2013-03-14,1.5482,1.5882,1.03%
1061,1061.0,2013-03-13,1.5324,1.5724,-0.92%
1062,1062.0,2013-03-12,1.5466,1.5866,-1.02%
1063,1063.0,2013-03-11,1.5626,1.6026,0.46%
1064,1064.0,2013-03-08,1.5554,1.5954,-0.71%
1065,1065.0,2013-03-07,1.5666,1.6066,-1.34%
1066,1066.0,2013-03-06,1.5879,1.6279,0.47%
1067,1067.0,2013-03-05,1.5805,1.6205,1.95%
1068,1068.0,2013-03-04,1.5503,1.5903,-3.93%
1069,1069.0,2013-03-01,1.6138,1.6538,0.83%
1070,1070.0,2013-02-28,1.6005,1.6405,2.34%
1071,1071.0,2013-02-27,1.5639,1.6039,-0.11%
1072,1072.0,2013-02-26,1.5656,1.6056,-1.81%
1073,1073.0,2013-02-25,1.5945,1.6345,0.26%
1074,1074.0,2013-02-22,1.5904,1.6304,-0.57%
1075,1075.0,2013-02-21,1.5995,1.6395,-1.30%
1076,1076.0,2013-02-20,1.6206,1.6606,2.34%
1077,1077.0,2013-02-19,1.5835,1.6235,-2.52%
1078,1078.0,2013-02-18,1.6244,1.6644,-0.84%
1079,1079.0,2013-02-08,1.6381,1.6781,1.50%
1080,1080.0,2013-02-07,1.6139,1.6539,1.10%
1081,1081.0,2013-02-06,1.5964,1.6364,0.72%
1082,1082.0,2013-02-05,1.5850,1.6250,1.69%
1083,1083.0,2013-02-04,1.5587,1.5987,-0.65%
1084,1084.0,2013-02-01,1.5689,1.6089,1.42%
1085,1085.0,2013-01-31,1.5470,1.5870,-1.11%
1086,1086.0,2013-01-30,1.5643,1.6043,0.11%
1087,1087.0,2013-01-29,1.5626,1.6026,0.33%
1088,1088.0,2013-01-28,1.5574,1.5974,1.82%
1089,1089.0,2013-01-25,1.5295,1.5695,0.62%
1090,1090.0,2013-01-24,1.5201,1.5601,-0.96%
1091,1091.0,2013-01-23,1.5348,1.5748,0.01%
1092,1092.0,2013-01-22,1.5347,1.5747,-1.14%
1093,1093.0,2013-01-21,1.5524,1.5924,-0.36%
1094,1094.0,2013-01-18,1.5580,1.5980,2.14%
1095,1095.0,2013-01-17,1.5254,1.5654,-0.32%
1096,1096.0,2013-01-16,1.5303,1.5703,0.16%
1097,1097.0,2013-01-15,1.5279,1.5679,0.34%
1098,1098.0,2013-01-14,1.5227,1.5627,3.28%
1099,1099.0,2013-01-11,1.4744,1.5144,-1.21%
1100,1100.0,2013-01-10,1.4925,1.5325,-0.06%
1101,1101.0,2013-01-09,1.4934,1.5334,0.43%
1102,1102.0,2013-01-08,1.4870,1.5270,0.13%
1103,1103.0,2013-01-07,1.4851,1.5251,1.16%
1104,1104.0,2013-01-04,1.4681,1.5081,-0.68%
1105,1105.0,2012-12-31,1.4782,1.5182,1.67%
1106,1106.0,2012-12-28,1.4539,1.4939,0.93%
1107,1107.0,2012-12-27,1.4405,1.4805,-0.60%
1108,1108.0,2012-12-26,1.4492,1.4892,1.01%
1109,1109.0,2012-12-25,1.4347,1.4747,2.22%
1110,1110.0,2012-12-24,1.4035,1.4435,1.34%
1111,1111.0,2012-12-21,1.3849,1.4249,0.36%
1112,1112.0,2012-12-20,1.3799,1.4199,0.58%
1113,1113.0,2012-12-19,1.3719,1.4119,0.27%
1114,1114.0,2012-12-18,1.3682,1.4082,-0.85%
1115,1115.0,2012-12-17,1.3799,1.4199,-0.46%
1116,1116.0,2012-12-14,1.3863,1.4263,2.98%
1117,1117.0,2012-12-13,1.3462,1.3862,-0.30%
1118,1118.0,2012-12-12,1.3502,1.3902,-0.09%
1119,1119.0,2012-12-11,1.3514,1.3914,-0.25%
1120,1120.0,2012-12-10,1.3548,1.3948,0.58%
1121,1121.0,2012-12-07,1.3470,1.3870,0.59%
1122,1122.0,2012-12-06,1.3391,1.3791,-0.31%
1123,1123.0,2012-12-05,1.3432,1.3832,2.32%
1124,1124.0,2012-12-04,1.3128,1.3528,0.30%
1125,1125.0,2012-12-03,1.3089,1.3489,-0.65%
1126,1126.0,2012-11-30,1.3175,1.3575,1.49%
1127,1127.0,2012-11-29,1.2981,1.3381,0.08%
1128,1128.0,2012-11-28,1.2970,1.3370,-0.79%
1129,1129.0,2012-11-27,1.3073,1.3473,-1.48%
1130,1130.0,2012-11-26,1.3270,1.3670,-1.04%
1131,1131.0,2012-11-23,1.3409,1.3809,0.88%
1132,1132.0,2012-11-22,1.3292,1.3692,-0.98%
1133,1133.0,2012-11-21,1.3424,1.3824,0.51%
1134,1134.0,2012-11-20,1.3356,1.3756,-0.10%
1135,1135.0,2012-11-19,1.3369,1.3769,-0.41%
1136,1136.0,2012-11-16,1.3424,1.3824,-0.89%
1137,1137.0,2012-11-15,1.3544,1.3944,-0.38%
1138,1138.0,2012-11-14,1.3596,1.3996,0.42%
1139,1139.0,2012-11-13,1.3539,1.3939,-0.83%
1140,1140.0,2012-11-12,1.3652,1.4052,-0.02%
1141,1141.0,2012-11-09,1.3655,1.4055,-0.63%
1142,1142.0,2012-11-08,1.3741,1.4141,-0.76%
1143,1143.0,2012-11-07,1.3846,1.4246,-0.65%
1144,1144.0,2012-11-06,1.3936,1.4336,0.14%
1145,1145.0,2012-11-05,1.3917,1.4317,-0.17%
1146,1146.0,2012-11-02,1.3940,1.4340,0.01%
1147,1147.0,2012-11-01,1.3939,1.4339,1.26%
1148,1148.0,2012-10-31,1.3765,1.4165,1.06%
1149,1149.0,2012-10-30,1.3621,1.4021,0.29%
1150,1150.0,2012-10-29,1.3582,1.3982,-0.34%
1151,1151.0,2012-10-26,1.3628,1.4028,-0.86%
1152,1152.0,2012-10-25,1.3746,1.4146,-0.62%
1153,1153.0,2012-10-24,1.3832,1.4232,-0.77%
1154,1154.0,2012-10-23,1.3940,1.4340,-1.55%
1155,1155.0,2012-10-22,1.4159,1.4559,1.06%
1156,1156.0,2012-10-19,1.4010,1.4410,-0.28%
1157,1157.0,2012-10-18,1.4050,1.4450,1.60%
1158,1158.0,2012-10-17,1.3829,1.4229,-0.12%
1159,1159.0,2012-10-16,1.3846,1.4246,0.72%
1160,1160.0,2012-10-15,1.3747,1.4147,-0.23%
1161,1161.0,2012-10-12,1.3778,1.4178,-0.60%
1162,1162.0,2012-10-11,1.3861,1.4261,-1.02%
1163,1163.0,2012-10-10,1.4004,1.4404,0.29%
1164,1164.0,2012-10-09,1.3963,1.4363,1.87%
1165,1165.0,2012-10-08,1.3707,1.4107,-0.35%
1166,1166.0,2012-09-30,1.3755,1.4155,-0.01%
1167,1167.0,2012-09-28,1.3756,1.4156,1.36%
1168,1168.0,2012-09-27,1.3571,1.3971,1.55%
1169,1169.0,2012-09-26,1.3364,1.3764,-1.35%
1170,1170.0,2012-09-25,1.3547,1.3947,0.27%
1171,1171.0,2012-09-24,1.3511,1.3911,0.57%
1172,1172.0,2012-09-21,1.3435,1.3835,-0.19%
1173,1173.0,2012-09-20,1.3460,1.3860,-1.42%
1174,1174.0,2012-09-19,1.3654,1.4054,0.48%
1175,1175.0,2012-09-18,1.3589,1.3989,-0.29%
1176,1176.0,2012-09-17,1.3628,1.4028,-1.79%
1177,1177.0,2012-09-14,1.3876,1.4276,-0.32%
1178,1178.0,2012-09-13,1.3920,1.4320,-0.47%
1179,1179.0,2012-09-12,1.3986,1.4386,0.31%
1180,1180.0,2012-09-11,1.3943,1.4343,-0.68%
1181,1181.0,2012-09-10,1.4039,1.4439,0.32%
1182,1182.0,2012-09-07,1.3994,1.4394,2.72%
1183,1183.0,2012-09-06,1.3624,1.4024,0.43%
1184,1184.0,2012-09-05,1.3565,1.3965,0.28%
1185,1185.0,2012-09-04,1.3527,1.3927,-0.79%
1186,1186.0,2012-09-03,1.3635,1.4035,1.70%
1187,1187.0,2012-08-31,1.3407,1.3807,0.09%
1188,1188.0,2012-08-30,1.3395,1.3795,-1.38%
1189,1189.0,2012-08-29,1.3583,1.3983,-0.53%
1190,1190.0,2012-08-28,1.3655,1.4055,-0.07%
1191,1191.0,2012-08-27,1.3665,1.4065,-1.56%
1192,1192.0,2012-08-24,1.3882,1.4282,-0.86%
1193,1193.0,2012-08-23,1.4002,1.4402,-0.21%
1194,1194.0,2012-08-22,1.4031,1.4431,-0.62%
1195,1195.0,2012-08-21,1.4118,1.4518,0.72%
1196,1196.0,2012-08-20,1.4017,1.4417,-0.07%
1197,1197.0,2012-08-17,1.4027,1.4427,-0.44%
1198,1198.0,2012-08-16,1.4089,1.4489,-0.62%
1199,1199.0,2012-08-15,1.4177,1.4577,-0.75%
1200,1200.0,2012-08-14,1.4284,1.4684,0.09%
1201,1201.0,2012-08-13,1.4271,1.4671,-1.76%
1202,1202.0,2012-08-10,1.4527,1.4927,-0.21%
1203,1203.0,2012-08-09,1.4558,1.4958,1.44%
1204,1204.0,2012-08-08,1.4351,1.4751,-0.37%
1205,1205.0,2012-08-07,1.4405,1.4805,0.80%
1206,1206.0,2012-08-06,1.4291,1.4691,1.92%
1207,1207.0,2012-08-03,1.4022,1.4422,1.27%
1208,1208.0,2012-08-02,1.3846,1.4246,-0.97%
1209,1209.0,2012-08-01,1.3981,1.4381,1.55%
1210,1210.0,2012-07-31,1.3768,1.4168,-0.51%
1211,1211.0,2012-07-30,1.3839,1.4239,-0.30%
1212,1212.0,2012-07-27,1.3881,1.4281,-0.72%
1213,1213.0,2012-07-26,1.3982,1.4382,-0.23%
1214,1214.0,2012-07-25,1.4014,1.4414,-0.86%
1215,1215.0,2012-07-24,1.4136,1.4536,0.43%
1216,1216.0,2012-07-23,1.4075,1.4475,-1.37%
1217,1217.0,2012-07-20,1.4270,1.4670,-0.72%
1218,1218.0,2012-07-19,1.4373,1.4773,0.41%
1219,1219.0,2012-07-18,1.4315,1.4715,-0.01%
1220,1220.0,2012-07-17,1.4317,1.4717,-0.11%
1221,1221.0,2012-07-16,1.4333,1.4733,-2.89%
1222,1222.0,2012-07-13,1.4760,1.5160,-0.05%
1223,1223.0,2012-07-12,1.4767,1.5167,1.69%
1224,1224.0,2012-07-11,1.4522,1.4922,0.99%
1225,1225.0,2012-07-10,1.4380,1.4780,-0.95%
1226,1226.0,2012-07-09,1.4518,1.4918,-1.02%
1227,1227.0,2012-07-06,1.4668,1.5068,2.22%
1228,1228.0,2012-07-05,1.4350,1.4750,-1.18%
1229,1229.0,2012-07-04,1.4521,1.4921,-0.64%
1230,1230.0,2012-07-03,1.4614,1.5014,-0.08%
1231,1231.0,2012-07-02,1.4626,1.5026,0.70%
1232,1232.0,2012-06-30,1.4524,1.4924,-0.01%
1233,1233.0,2012-06-29,1.4525,1.4925,1.61%
1234,1234.0,2012-06-28,1.4295,1.4695,-1.11%
1235,1235.0,2012-06-27,1.4456,1.4856,-0.27%
1236,1236.0,2012-06-26,1.4495,1.4895,-0.86%
1237,1237.0,2012-06-25,1.4621,1.5021,-2.03%
1238,1238.0,2012-06-21,1.4924,1.5324,-1.25%
1239,1239.0,2012-06-20,1.5113,1.5513,-0.46%
1240,1240.0,2012-06-19,1.5183,1.5583,-0.89%
1241,1241.0,2012-06-18,1.5320,1.5720,1.03%
1242,1242.0,2012-06-15,1.5164,1.5564,-0.56%
1243,1243.0,2012-06-14,1.5250,1.5650,-1.01%
1244,1244.0,2012-06-13,1.5406,1.5806,1.58%
1245,1245.0,2012-06-12,1.5167,1.5567,0.76%
1246,1246.0,2012-06-11,1.5053,1.5453,2.08%
1247,1247.0,2012-06-08,1.4746,1.5146,-0.22%
1248,1248.0,2012-06-07,1.4778,1.5178,-0.59%
1249,1249.0,2012-06-06,1.4865,1.5265,-0.75%
1250,1250.0,2012-06-05,1.4978,1.5378,-0.33%
1251,1251.0,2012-06-04,1.5027,1.5427,-2.52%
1252,1252.0,2012-06-01,1.5416,1.5816,0.06%
1253,1253.0,2012-05-31,1.5407,1.5807,-0.34%
1254,1254.0,2012-05-30,1.5459,1.5859,0.10%
1255,1255.0,2012-05-29,1.5443,1.5843,1.97%
1256,1256.0,2012-05-28,1.5145,1.5545,1.24%
1257,1257.0,2012-05-25,1.4960,1.5360,-1.14%
1258,1258.0,2012-05-24,1.5132,1.5532,-0.51%
1259,1259.0,2012-05-23,1.5209,1.5609,-0.10%
1260,1260.0,2012-05-22,1.5224,1.5624,1.34%
1261,1261.0,2012-05-21,1.5022,1.5422,1.23%
1262,1262.0,2012-05-18,1.4840,1.5240,-1.09%
1263,1263.0,2012-05-17,1.5003,1.5403,0.75%
1264,1264.0,2012-05-16,1.4891,1.5291,-1.14%
1265,1265.0,2012-05-15,1.5063,1.5463,0.20%
1266,1266.0,2012-05-14,1.5033,1.5433,-0.71%
1267,1267.0,2012-05-11,1.5141,1.5541,-0.41%
1268,1268.0,2012-05-10,1.5204,1.5604,0.43%
1269,1269.0,2012-05-09,1.5139,1.5539,-1.76%
1270,1270.0,2012-05-08,1.5410,1.5810,-0.14%
1271,1271.0,2012-05-07,1.5432,1.5832,0.87%
1272,1272.0,2012-05-04,1.5299,1.5699,1.08%
1273,1273.0,2012-05-03,1.5135,1.5535,0.44%
1274,1274.0,2012-05-02,1.5068,1.5468,2.27%
1275,1275.0,2012-04-27,1.4734,1.5134,-0.14%
1276,1276.0,2012-04-26,1.4755,1.5155,0.35%
1277,1277.0,2012-04-25,1.4703,1.5103,1.18%
1278,1278.0,2012-04-24,1.4531,1.4931,-1.12%
1279,1279.0,2012-04-23,1.4695,1.5095,-1.14%
1280,1280.0,2012-04-20,1.4864,1.5264,0.11%
1281,1281.0,2012-04-19,1.4848,1.5248,-0.42%
1282,1282.0,2012-04-18,1.4911,1.5311,2.05%
1283,1283.0,2012-04-17,1.4612,1.5012,-1.36%
1284,1284.0,2012-04-16,1.4814,1.5214,0.10%
1285,1285.0,2012-04-13,1.4799,1.5199,0.93%
1286,1286.0,2012-04-12,1.4663,1.5063,1.63%
1287,1287.0,2012-04-11,1.4428,1.4828,-0.24%
1288,1288.0,2012-04-10,1.4463,1.4863,0.68%
1289,1289.0,2012-04-09,1.4365,1.4765,-1.03%
1290,1290.0,2012-04-06,1.4514,1.4914,0.44%
1291,1291.0,2012-04-05,1.4450,1.4850,2.53%
1292,1292.0,2012-03-31,1.4094,1.4494,-0.01%
1293,1293.0,2012-03-30,1.4095,1.4495,0.09%
1294,1294.0,2012-03-29,1.4083,1.4483,-0.71%
1295,1295.0,2012-03-28,1.4183,1.4583,-3.54%
1296,1296.0,2012-03-27,1.4703,1.5103,-0.36%
1297,1297.0,2012-03-26,1.4756,1.5156,0.15%
1298,1298.0,2012-03-23,1.4734,1.5134,-1.61%
1299,1299.0,2012-03-22,1.4975,1.5375,-0.44%
1300,1300.0,2012-03-21,1.5041,1.5441,0.27%
1301,1301.0,2012-03-20,1.5000,1.5400,-2.05%
1302,1302.0,2012-03-19,1.5314,1.5714,0.54%
1303,1303.0,2012-03-16,1.5232,1.5632,1.78%
1304,1304.0,2012-03-15,1.4965,1.5365,-0.42%
1305,1305.0,2012-03-14,1.5028,1.5428,-2.49%
1306,1306.0,2012-03-13,1.5411,1.5811,1.15%
1307,1307.0,2012-03-12,1.5236,1.5636,0.36%
1308,1308.0,2012-03-09,1.5182,1.5582,1.80%
1309,1309.0,2012-03-08,1.4913,1.5313,1.32%
1310,1310.0,2012-03-07,1.4718,1.5118,-0.66%
1311,1311.0,2012-03-06,1.4816,1.5216,-1.44%
1312,1312.0,2012-03-05,1.5032,1.5432,-0.53%
1313,1313.0,2012-03-02,1.5112,1.5512,1.46%
1314,1314.0,2012-03-01,1.4894,1.5294,0.07%
1315,1315.0,2012-02-29,1.4883,1.5283,-0.76%
1316,1316.0,2012-02-28,1.4997,1.5397,-0.82%
1317,1317.0,2012-02-27,1.5121,1.5521,0.17%
1318,1318.0,2012-02-24,1.5095,1.5495,1.25%
1319,1319.0,2012-02-23,1.4908,1.5308,0.83%
1320,1320.0,2012-02-22,1.4785,1.5185,1.57%
1321,1321.0,2012-02-21,1.4556,1.4956,1.13%
1322,1322.0,2012-02-20,1.4394,1.4794,0.28%
1323,1323.0,2012-02-17,1.4354,1.4754,-0.19%
1324,1324.0,2012-02-16,1.4382,1.4782,-0.14%
1325,1325.0,2012-02-15,1.4402,1.4802,1.12%
1326,1326.0,2012-02-14,1.4242,1.4642,-0.43%
1327,1327.0,2012-02-13,1.4304,1.4704,0.39%
1328,1328.0,2012-02-10,1.4249,1.4649,0.32%
1329,1329.0,2012-02-09,1.4204,1.4604,0.34%
1330,1330.0,2012-02-08,1.4156,1.4556,2.53%
1331,1331.0,2012-02-07,1.3807,1.4207,-1.39%
1332,1332.0,2012-02-06,1.4001,1.4401,1.08%
1333,1333.0,2012-02-03,1.3851,1.4251,1.38%
1334,1334.0,2012-02-02,1.3662,1.4062,1.38%
1335,1335.0,2012-02-01,1.3476,1.3876,-0.75%
1336,1336.0,2012-01-31,1.3578,1.3978,0.47%
1337,1337.0,2012-01-30,1.3515,1.3915,-0.60%
1338,1338.0,2012-01-20,1.3596,1.3996,1.48%
1339,1339.0,2012-01-19,1.3398,1.3798,1.52%
1340,1340.0,2012-01-18,1.3198,1.3598,-2.29%
1341,1341.0,2012-01-17,1.3508,1.3908,4.58%
1342,1342.0,2012-01-16,1.2917,1.3317,-3.88%
1343,1343.0,2012-01-13,1.3439,1.3839,-3.39%
1344,1344.0,2012-01-12,1.3910,1.4310,-0.48%
1345,1345.0,2012-01-11,1.3977,1.4377,-0.14%
1346,1346.0,2012-01-10,1.3997,1.4397,3.48%
1347,1347.0,2012-01-09,1.3526,1.3926,2.96%
1348,1348.0,2012-01-06,1.3137,1.3537,0.08%
1349,1349.0,2012-01-05,1.3127,1.3527,-3.99%
1350,1350.0,2012-01-04,1.3672,1.4072,-2.65%
1351,1351.0,2011-12-31,1.4044,1.4444,-0.01%
1352,1352.0,2011-12-30,1.4045,1.4445,1.90%
1353,1353.0,2011-12-29,1.3783,1.4183,0.17%
1354,1354.0,2011-12-28,1.3759,1.4159,-0.41%
1355,1355.0,2011-12-27,1.3815,1.4215,-1.90%
1356,1356.0,2011-12-26,1.4083,1.4483,-0.71%
1357,1357.0,2011-12-23,1.4183,1.4583,0.31%
1358,1358.0,2011-12-22,1.4139,1.4539,0.31%
1359,1359.0,2011-12-21,1.4095,1.4495,-1.69%
1360,1360.0,2011-12-20,1.4337,1.4737,-0.52%
1361,1361.0,2011-12-19,1.4412,1.4812,0.11%
1362,1362.0,2011-12-16,1.4396,1.4796,2.29%
1363,1363.0,2011-12-15,1.4074,1.4474,-1.70%
1364,1364.0,2011-12-14,1.4317,1.4717,-1.29%
1365,1365.0,2011-12-13,1.4504,1.4904,-2.13%
1366,1366.0,2011-12-12,1.4820,1.5220,-0.92%
1367,1367.0,2011-12-09,1.4958,1.5358,-0.78%
1368,1368.0,2011-12-08,1.5075,1.5475,-0.40%
1369,1369.0,2011-12-07,1.5135,1.5535,0.10%
1370,1370.0,2011-12-06,1.5120,1.5520,-0.15%
1371,1371.0,2011-12-05,1.5142,1.5542,-2.54%
1372,1372.0,2011-12-02,1.5536,1.5936,-1.82%
1373,1373.0,2011-12-01,1.5824,1.6224,1.66%
1374,1374.0,2011-11-30,1.5566,1.5966,-2.54%
1375,1375.0,2011-11-29,1.5971,1.6371,1.49%
1376,1376.0,2011-11-28,1.5736,1.6136,0.38%
1377,1377.0,2011-11-25,1.5676,1.6076,-0.64%
1378,1378.0,2011-11-24,1.5777,1.6177,-0.05%
1379,1379.0,2011-11-23,1.5785,1.6185,-0.20%
1380,1380.0,2011-11-22,1.5816,1.6216,-0.18%
1381,1381.0,2011-11-21,1.5844,1.6244,-0.24%
1382,1382.0,2011-11-18,1.5882,1.6282,-1.96%
1383,1383.0,2011-11-17,1.6199,1.6599,0.19%
1384,1384.0,2011-11-16,1.6168,1.6568,-2.40%
1385,1385.0,2011-11-15,1.6566,1.6966,0.40%
1386,1386.0,2011-11-14,1.6500,1.6900,2.20%
1387,1387.0,2011-11-11,1.6145,1.6545,-0.44%
1388,1388.0,2011-11-10,1.6217,1.6617,-0.92%
1389,1389.0,2011-11-09,1.6368,1.6768,0.88%
1390,1390.0,2011-11-08,1.6226,1.6626,-0.36%
1391,1391.0,2011-11-07,1.6285,1.6685,-0.36%
1392,1392.0,2011-11-04,1.6344,1.6744,0.39%
1393,1393.0,2011-11-03,1.6281,1.6681,0.66%
1394,1394.0,2011-11-02,1.6175,1.6575,1.38%
1395,1395.0,2011-11-01,1.5955,1.6355,0.13%
1396,1396.0,2011-10-31,1.5935,1.6335,0.41%
1397,1397.0,2011-10-28,1.5870,1.6270,2.15%
1398,1398.0,2011-10-27,1.5536,1.5936,-0.14%
1399,1399.0,2011-10-26,1.5558,1.5958,0.82%
1400,1400.0,2011-10-25,1.5432,1.5832,2.68%
1401,1401.0,2011-10-24,1.5029,1.5429,1.34%
1402,1402.0,2011-10-21,1.4830,1.5230,-1.78%
1403,1403.0,2011-10-20,1.5098,1.5498,-2.66%
1404,1404.0,2011-10-19,1.5510,1.5910,-0.95%
1405,1405.0,2011-10-18,1.5658,1.6058,-2.64%
1406,1406.0,2011-10-17,1.6082,1.6482,0.76%
1407,1407.0,2011-10-14,1.5960,1.6360,-0.59%
1408,1408.0,2011-10-13,1.6055,1.6455,0.84%
1409,1409.0,2011-10-12,1.5922,1.6322,2.91%
1410,1410.0,2011-10-11,1.5472,1.5872,-1.31%
1411,1411.0,2011-10-10,1.5677,1.6077,-1.08%
1412,1412.0,2011-09-30,1.5848,1.6248,-0.21%
1413,1413.0,2011-09-29,1.5881,1.6281,-1.68%
1414,1414.0,2011-09-28,1.6152,1.6552,-0.92%
1415,1415.0,2011-09-27,1.6302,1.6702,0.44%
1416,1416.0,2011-09-26,1.6231,1.6631,-0.95%
1417,1417.0,2011-09-23,1.6387,1.6787,-0.42%
1418,1418.0,2011-09-22,1.6456,1.6856,-2.49%
1419,1419.0,2011-09-21,1.6876,1.7276,2.78%
1420,1420.0,2011-09-20,1.6420,1.6820,0.09%
1421,1421.0,2011-09-19,1.6406,1.6806,-1.75%
1422,1422.0,2011-09-16,1.6699,1.7099,0.12%
1423,1423.0,2011-09-15,1.6679,1.7079,0.08%
1424,1424.0,2011-09-14,1.6665,1.7065,0.66%
1425,1425.0,2011-09-13,1.6556,1.6956,-1.67%
1426,1426.0,2011-09-09,1.6837,1.7237,-0.68%
1427,1427.0,2011-09-08,1.6953,1.7353,-0.67%
1428,1428.0,2011-09-07,1.7068,1.7468,1.88%
1429,1429.0,2011-09-06,1.6753,1.7153,-0.90%
1430,1430.0,2011-09-05,1.6905,1.7305,-2.19%
1431,1431.0,2011-09-02,1.7284,1.7684,-1.01%
1432,1432.0,2011-09-01,1.7460,1.7860,-0.73%
1433,1433.0,2011-08-31,1.7588,1.7988,-0.37%
1434,1434.0,2011-08-30,1.7653,1.8053,-0.58%
1435,1435.0,2011-08-29,1.7756,1.8156,-0.39%
1436,1436.0,2011-08-26,1.7825,1.8225,0.19%
1437,1437.0,2011-08-25,1.7791,1.8191,1.70%
1438,1438.0,2011-08-24,1.7493,1.7893,0.28%
1439,1439.0,2011-08-23,1.7445,1.7845,1.38%
1440,1440.0,2011-08-22,1.7208,1.7608,-1.38%
1441,1441.0,2011-08-19,1.7448,1.7848,-0.64%
1442,1442.0,2011-08-18,1.7561,1.7961,-1.35%
1443,1443.0,2011-08-17,1.7802,1.8202,-0.57%
1444,1444.0,2011-08-16,1.7904,1.8304,-0.70%
1445,1445.0,2011-08-15,1.8031,1.8431,0.63%
1446,1446.0,2011-08-12,1.7918,1.8318,0.33%
1447,1447.0,2011-08-11,1.7859,1.8259,1.59%
1448,1448.0,2011-08-10,1.7580,1.7980,1.49%
1449,1449.0,2011-08-09,1.7322,1.7722,0.68%
1450,1450.0,2011-08-08,1.7205,1.7605,-3.07%
1451,1451.0,2011-08-05,1.7750,1.8150,-1.02%
1452,1452.0,2011-08-04,1.7933,1.8333,0.44%
1453,1453.0,2011-08-03,1.7855,1.8255,0.20%
1454,1454.0,2011-08-02,1.7820,1.8220,-0.06%
1455,1455.0,2011-08-01,1.7830,1.8230,0.48%
1456,1456.0,2011-07-29,1.7744,1.8144,-1.24%
1457,1457.0,2011-07-28,1.7966,1.8366,0.31%
1458,1458.0,2011-07-27,1.7910,1.8310,1.57%
1459,1459.0,2011-07-26,1.7633,1.8033,0.58%
1460,1460.0,2011-07-25,1.7532,1.7932,-3.17%
1461,1461.0,2011-07-22,1.8106,1.8506,0.22%
1462,1462.0,2011-07-21,1.8067,1.8467,-1.02%
1463,1463.0,2011-07-20,1.8254,1.8654,0.06%
1464,1464.0,2011-07-19,1.8243,1.8643,-1.07%
1465,1465.0,2011-07-18,1.8440,1.8840,-0.11%
1466,1466.0,2011-07-15,1.8460,1.8860,0.30%
1467,1467.0,2011-07-14,1.8405,1.8805,0.52%
1468,1468.0,2011-07-13,1.8309,1.8709,1.71%
1469,1469.0,2011-07-12,1.8001,1.8401,-1.04%
1470,1470.0,2011-07-11,1.8191,1.8591,1.13%
1471,1471.0,2011-07-08,1.7987,1.8387,0.39%
1472,1472.0,2011-07-07,1.7918,1.8318,0.39%
1473,1473.0,2011-07-06,1.7849,1.8249,-0.04%
1474,1474.0,2011-07-05,1.7857,1.8257,0.54%
1475,1475.0,2011-07-04,1.7761,1.8161,2.31%
1476,1476.0,2011-07-01,1.7360,1.7760,0.56%
1477,1477.0,2011-06-30,1.7264,1.7664,1.33%
1478,1478.0,2011-06-29,1.7038,1.7438,-0.92%
1479,1479.0,2011-06-28,1.7197,1.7597,0.39%
1480,1480.0,2011-06-27,1.7130,1.7530,0.92%
1481,1481.0,2011-06-24,1.6974,1.7374,1.79%
1482,1482.0,2011-06-23,1.6676,1.7076,1.82%
1483,1483.0,2011-06-22,1.6378,1.6778,-0.02%
1484,1484.0,2011-06-21,1.6381,1.6781,1.24%
1485,1485.0,2011-06-20,1.6181,1.6581,-0.84%
1486,1486.0,2011-06-17,1.6318,1.6718,-0.92%
1487,1487.0,2011-06-16,1.6470,1.6870,-1.86%
1488,1488.0,2011-06-15,1.6782,1.7182,-1.05%
1489,1489.0,2011-06-14,1.6960,1.7360,1.01%
1490,1490.0,2011-06-13,1.6790,1.7190,0.10%
1491,1491.0,2011-06-10,1.6774,1.7174,-0.46%
1492,1492.0,2011-06-09,1.6852,1.7252,-1.83%
1493,1493.0,2011-06-08,1.7167,1.7567,0.08%
1494,1494.0,2011-06-07,1.7153,1.7553,1.07%
1495,1495.0,2011-06-03,1.6972,1.7372,1.64%
1496,1496.0,2011-06-02,1.6698,1.7098,-0.81%
1497,1497.0,2011-06-01,1.6834,1.7234,0.89%
1498,1498.0,2011-05-31,1.6686,1.7086,1.71%
1499,1499.0,2011-05-30,1.6405,1.6805,-0.84%
1500,1500.0,2011-05-27,1.6544,1.6944,-1.37%
1501,1501.0,2011-05-26,1.6774,1.7174,-1.17%
1502,1502.0,2011-05-25,1.6972,1.7372,-1.24%
1503,1503.0,2011-05-24,1.7185,1.7585,0.25%
1504,1504.0,2011-05-23,1.7143,1.7543,-3.76%
1505,1505.0,2011-05-20,1.7812,1.8212,-0.28%
1506,1506.0,2011-05-19,1.7862,1.8262,-0.06%
1507,1507.0,2011-05-18,1.7873,1.8273,0.27%
1508,1508.0,2011-05-17,1.7824,1.8224,-0.15%
1509,1509.0,2011-05-16,1.7850,1.8250,-0.11%
1510,1510.0,2011-05-13,1.7869,1.8269,0.30%
1511,1511.0,2011-05-12,1.7815,1.8215,-1.35%
1512,1512.0,2011-05-11,1.8059,1.8459,0.16%
1513,1513.0,2011-05-10,1.8030,1.8430,0.75%
1514,1514.0,2011-05-09,1.7896,1.8296,0.60%
1515,1515.0,2011-05-06,1.7789,1.8189,0.14%
1516,1516.0,2011-05-05,1.7764,1.8164,-0.02%
1517,1517.0,2011-05-04,1.7767,1.8167,-2.08%
1518,1518.0,2011-05-03,1.8145,1.8545,0.91%
1519,1519.0,2011-04-29,1.7982,1.8382,1.60%
1520,1520.0,2011-04-28,1.7698,1.8098,-2.65%
1521,1521.0,2011-04-27,1.8180,1.8580,-1.41%
1522,1522.0,2011-04-26,1.8440,1.8840,-0.85%
1523,1523.0,2011-04-25,1.8599,1.8999,-1.43%
1524,1524.0,2011-04-22,1.8868,1.9268,-0.07%
1525,1525.0,2011-04-21,1.8882,1.9282,0.86%
1526,1526.0,2011-04-20,1.8721,1.9121,0.81%
1527,1527.0,2011-04-19,1.8571,1.8971,-0.30%
1528,1528.0,2011-04-18,1.8626,1.9026,0.10%
1529,1529.0,2011-04-15,1.8608,1.9008,-0.67%
1530,1530.0,2011-04-14,1.8733,1.9133,-0.42%
1531,1531.0,2011-04-13,1.8812,1.9212,0.93%
1532,1532.0,2011-04-12,1.8639,1.9039,-0.46%
1533,1533.0,2011-04-11,1.8725,1.9125,-0.70%
1534,1534.0,2011-04-08,1.8857,1.9257,1.45%
1535,1535.0,2011-04-07,1.8587,1.8987,0.61%
1536,1536.0,2011-04-06,1.8475,1.8875,-0.65%
1537,1537.0,2011-04-01,1.8596,1.8996,1.04%
1538,1538.0,2011-03-31,1.8405,1.8805,-0.91%
1539,1539.0,2011-03-30,1.8574,1.8974,-1.06%
1540,1540.0,2011-03-29,1.8773,1.9173,-2.31%
1541,1541.0,2011-03-28,1.9217,1.9617,-0.72%
1542,1542.0,2011-03-25,1.9356,1.9756,0.81%
1543,1543.0,2011-03-24,1.9200,1.9600,0.16%
1544,1544.0,2011-03-23,1.9169,1.9569,1.32%
1545,1545.0,2011-03-22,1.8919,1.9319,-0.32%
1546,1546.0,2011-03-21,1.8980,1.9380,-0.63%
1547,1547.0,2011-03-18,1.9100,1.9500,0.15%
1548,1548.0,2011-03-17,1.9071,1.9471,-1.00%
1549,1549.0,2011-03-16,1.9263,1.9663,1.30%
1550,1550.0,2011-03-15,1.9016,1.9416,-0.92%
1551,1551.0,2011-03-14,1.9192,1.9592,0.58%
1552,1552.0,2011-03-11,1.9081,1.9481,-0.61%
1553,1553.0,2011-03-10,1.9199,1.9599,-0.66%
1554,1554.0,2011-03-09,1.9326,1.9726,0.71%
1555,1555.0,2011-03-08,1.9190,1.9590,-0.09%
1556,1556.0,2011-03-07,1.9207,1.9607,1.14%
1557,1557.0,2011-03-04,1.8990,1.9390,1.02%
1558,1558.0,2011-03-03,1.8799,1.9199,-2.19%
1559,1559.0,2011-03-02,1.9219,1.9619,-0.33%
1560,1560.0,2011-03-01,1.9282,1.9682,0.31%
1561,1561.0,2011-02-28,1.9222,1.9622,1.37%
1562,1562.0,2011-02-25,1.8962,1.9362,-0.41%
1563,1563.0,2011-02-24,1.9040,1.9440,0.36%
1564,1564.0,2011-02-23,1.8972,1.9372,1.02%
1565,1565.0,2011-02-22,1.8781,1.9181,-1.99%
1566,1566.0,2011-02-21,1.9163,1.9563,1.77%
1567,1567.0,2011-02-18,1.8829,1.9229,-1.37%
1568,1568.0,2011-02-17,1.9090,1.9490,0.46%
1569,1569.0,2011-02-16,1.9002,1.9402,1.57%
1570,1570.0,2011-02-15,1.8708,1.9108,0.13%
1571,1571.0,2011-02-14,1.8684,1.9084,2.43%
1572,1572.0,2011-02-11,1.8241,1.8641,1.18%
1573,1573.0,2011-02-10,1.8029,1.8429,2.40%
1574,1574.0,2011-02-09,1.7606,1.8006,-0.90%
1575,1575.0,2011-02-01,1.7765,1.8165,-0.06%
1576,1576.0,2011-01-31,1.7775,1.8175,1.47%
1577,1577.0,2011-01-28,1.7518,1.7918,1.20%
1578,1578.0,2011-01-27,1.7310,1.7710,2.14%
1579,1579.0,2011-01-26,1.6948,1.7348,1.50%
1580,1580.0,2011-01-25,1.6697,1.7097,-0.42%
1581,1581.0,2011-01-24,1.6768,1.7168,-2.79%
1582,1582.0,2011-01-21,1.7249,1.7649,-0.06%
1583,1583.0,2011-01-20,1.7259,1.7659,-3.04%
1584,1584.0,2011-01-19,1.7800,1.8200,2.38%
1585,1585.0,2011-01-18,1.7386,1.7786,0.03%
1586,1586.0,2011-01-17,1.7381,1.7781,-4.18%
1587,1587.0,2011-01-14,1.8139,1.8539,-1.72%
1588,1588.0,2011-01-13,1.8456,1.8856,0.32%
1589,1589.0,2011-01-12,1.8398,1.8798,-0.11%
1590,1590.0,2011-01-11,1.8419,1.8819,-0.92%
1591,1591.0,2011-01-10,1.8590,1.8990,-2.56%
1592,1592.0,2011-01-07,1.9078,1.9478,-0.91%
1593,1593.0,2011-01-06,1.9253,1.9653,-0.85%
1594,1594.0,2011-01-05,1.9419,1.9819,-0.36%
1595,1595.0,2011-01-04,1.9490,1.9890,0.93%
1596,1596.0,2010-12-31,1.9310,1.9710,2.28%
1597,1597.0,2010-12-30,1.8879,1.9279,0.98%
1598,1598.0,2010-12-29,1.8695,1.9095,1.60%
1599,1599.0,2010-12-28,1.8400,1.8800,-1.76%
1600,1600.0,2010-12-27,1.8729,1.9129,-2.07%
1601,1601.0,2010-12-24,1.9124,1.9524,-1.38%
1602,1602.0,2010-12-23,1.9392,1.9792,-1.59%
1603,1603.0,2010-12-22,1.9705,2.0105,-0.95%
1604,1604.0,2010-12-21,1.9893,2.0293,0.94%
1605,1605.0,2010-12-20,1.9708,2.0108,-0.74%
1606,1606.0,2010-12-17,1.9854,2.0254,0.13%
1607,1607.0,2010-12-16,1.9828,2.0228,-0.24%
1608,1608.0,2010-12-15,1.9876,2.0276,-0.34%
1609,1609.0,2010-12-14,1.9943,2.0343,0.59%
1610,1610.0,2010-12-13,1.9826,2.0226,2.85%
1611,1611.0,2010-12-10,1.9277,1.9677,1.12%
1612,1612.0,2010-12-09,1.9064,1.9464,-1.67%
1613,1613.0,2010-12-08,1.9388,1.9788,-0.30%
1614,1614.0,2010-12-07,1.9446,1.9846,1.78%
1615,1615.0,2010-12-06,1.9105,1.9505,-1.15%
1616,1616.0,2010-12-03,1.9327,1.9727,-0.92%
1617,1617.0,2010-12-02,1.9507,1.9907,0.24%
1618,1618.0,2010-12-01,1.9461,1.9861,-0.57%
1619,1619.0,2010-11-30,1.9572,1.9972,-1.52%
1620,1620.0,2010-11-29,1.9874,2.0274,0.65%
1621,1621.0,2010-11-26,1.9746,2.0146,-0.19%
1622,1622.0,2010-11-25,1.9783,2.0183,0.13%
1623,1623.0,2010-11-24,1.9758,2.0158,2.55%
1624,1624.0,2010-11-23,1.9267,1.9667,-1.00%
1625,1625.0,2010-11-22,1.9461,1.9861,1.72%
1626,1626.0,2010-11-19,1.9132,1.9532,3.65%
1627,1627.0,2010-11-18,1.8458,1.8858,0.98%
1628,1628.0,2010-11-17,1.8279,1.8679,-3.03%
1629,1629.0,2010-11-16,1.8850,1.9250,-2.05%
1630,1630.0,2010-11-15,1.9245,1.9645,3.32%
1631,1631.0,2010-11-12,1.8627,1.9027,-4.55%
1632,1632.0,2010-11-11,1.9515,1.9915,-0.32%
1633,1633.0,2010-11-10,1.9577,1.9977,0.20%
1634,1634.0,2010-11-09,1.9537,1.9937,0.47%
1635,1635.0,2010-11-08,1.9446,1.9846,1.67%
1636,1636.0,2010-11-05,1.9126,1.9526,1.35%
1637,1637.0,2010-11-04,1.8871,1.9271,2.01%
1638,1638.0,2010-11-03,1.8500,1.8900,-2.16%
1639,1639.0,2010-11-02,1.8908,1.9308,-0.85%
1640,1640.0,2010-11-01,1.9070,1.9470,2.60%
1641,1641.0,2010-10-29,1.8587,1.8987,1.32%
1642,1642.0,2010-10-28,1.8345,1.8745,1.13%
1643,1643.0,2010-10-27,1.8140,1.8540,-0.85%
1644,1644.0,2010-10-26,1.8296,1.8696,0.04%
1645,1645.0,2010-10-25,1.8288,1.8688,2.51%
1646,1646.0,2010-10-22,1.7841,1.8241,1.58%
1647,1647.0,2010-10-21,1.7563,1.7963,0.57%
1648,1648.0,2010-10-20,1.7463,1.7863,1.01%
1649,1649.0,2010-10-19,1.7288,1.7688,3.33%
1650,1650.0,2010-10-18,1.6731,1.7131,-1.09%
1651,1651.0,2010-10-15,1.6915,1.7315,-0.05%
1652,1652.0,2010-10-14,1.6923,1.7323,-2.56%
1653,1653.0,2010-10-13,1.7367,1.7767,0.06%
1654,1654.0,2010-10-12,1.7356,1.7756,0.69%
1655,1655.0,2010-10-11,1.7237,1.7637,-0.78%
1656,1656.0,2010-10-08,1.7373,1.7773,2.15%
1657,1657.0,2010-09-30,1.7008,1.7408,1.81%
1658,1658.0,2010-09-29,1.6705,1.7105,-1.39%
1659,1659.0,2010-09-28,1.6941,1.7341,-0.96%
1660,1660.0,2010-09-27,1.7105,1.7505,2.35%
1661,1661.0,2010-09-21,1.6713,1.7113,-0.14%
1662,1662.0,2010-09-20,1.6737,1.7137,-0.76%
1663,1663.0,2010-09-17,1.6866,1.7266,0.15%
1664,1664.0,2010-09-16,1.6840,1.7240,-1.73%
1665,1665.0,2010-09-15,1.7137,1.7537,-2.35%
1666,1666.0,2010-09-14,1.7549,1.7949,0.94%
1667,1667.0,2010-09-13,1.7385,1.7785,1.99%
1668,1668.0,2010-09-10,1.7045,1.7445,1.63%
1669,1669.0,2010-09-09,1.6771,1.7171,-1.60%
1670,1670.0,2010-09-08,1.7044,1.7444,1.39%
1671,1671.0,2010-09-07,1.6810,1.7210,0.13%
1672,1672.0,2010-09-06,1.6788,1.7188,-0.83%
1673,1673.0,2010-09-03,1.6928,1.7328,0.61%
1674,1674.0,2010-09-02,1.6826,1.7226,1.75%
1675,1675.0,2010-09-01,1.6537,1.6937,-1.04%
1676,1676.0,2010-08-31,1.6710,1.7110,1.12%
1677,1677.0,2010-08-30,1.6525,1.6925,2.80%
1678,1678.0,2010-08-27,1.6075,1.6475,1.48%
1679,1679.0,2010-08-26,1.5841,1.6241,0.94%
1680,1680.0,2010-08-25,1.5693,1.6093,-1.75%
1681,1681.0,2010-08-24,1.5972,1.6372,0.79%
1682,1682.0,2010-08-23,1.5847,1.6247,0.22%
1683,1683.0,2010-08-20,1.5812,1.6212,-2.48%
1684,1684.0,2010-08-19,1.6214,1.6614,-0.12%
1685,1685.0,2010-08-18,1.6233,1.6633,0.45%
1686,1686.0,2010-08-17,1.6160,1.6560,1.25%
1687,1687.0,2010-08-16,1.5960,1.6360,2.07%
1688,1688.0,2010-08-13,1.5636,1.6036,1.61%
1689,1689.0,2010-08-12,1.5388,1.5788,-0.98%
1690,1690.0,2010-08-11,1.5541,1.5941,1.26%
1691,1691.0,2010-08-10,1.5348,1.5748,-2.76%
1692,1692.0,2010-08-09,1.5784,1.6184,1.77%
1693,1693.0,2010-08-06,1.5510,1.5910,1.86%
1694,1694.0,2010-08-05,1.5227,1.5627,0.23%
1695,1695.0,2010-08-04,1.5192,1.5592,0.63%
1696,1696.0,2010-08-03,1.5097,1.5497,-1.23%
1697,1697.0,2010-08-02,1.5285,1.5685,1.81%
1698,1698.0,2010-07-30,1.5014,1.5414,-0.06%
1699,1699.0,2010-07-29,1.5023,1.5423,0.37%
1700,1700.0,2010-07-28,1.4967,1.5367,1.91%
1701,1701.0,2010-07-27,1.4687,1.5087,-0.14%
1702,1702.0,2010-07-26,1.4708,1.5108,1.09%
1703,1703.0,2010-07-23,1.4550,1.4950,0.14%
1704,1704.0,2010-07-22,1.4530,1.4930,1.22%
1705,1705.0,2010-07-21,1.4355,1.4755,0.53%
1706,1706.0,2010-07-20,1.4280,1.4680,2.79%
1707,1707.0,2010-07-19,1.3892,1.4292,1.91%
1708,1708.0,2010-07-16,1.3631,1.4031,-0.02%
1709,1709.0,2010-07-15,1.3634,1.4034,-1.72%
1710,1710.0,2010-07-14,1.3872,1.4272,0.38%
1711,1711.0,2010-07-13,1.3820,1.4220,-1.21%
1712,1712.0,2010-07-12,1.3989,1.4389,1.25%
1713,1713.0,2010-07-09,1.3816,1.4216,2.81%
1714,1714.0,2010-07-08,1.3438,1.3838,-0.09%
1715,1715.0,2010-07-07,1.3450,1.3850,1.63%
1716,1716.0,2010-07-06,1.3234,1.3634,2.26%
1717,1717.0,2010-07-05,1.2942,1.3342,-0.59%
1718,1718.0,2010-07-02,1.3019,1.3419,-1.20%
1719,1719.0,2010-07-01,1.3177,1.3577,-2.02%
1720,1720.0,2010-06-30,1.3448,1.3848,-1.58%
1721,1721.0,2010-06-29,1.3664,1.4064,-4.92%
1722,1722.0,2010-06-28,1.4371,1.4771,-1.62%
1723,1723.0,2010-06-25,1.4608,1.5008,-1.81%
1724,1724.0,2010-06-24,1.4878,1.5278,0.15%
1725,1725.0,2010-06-23,1.4855,1.5255,-0.77%
1726,1726.0,2010-06-22,1.4970,1.5370,0.49%
1727,1727.0,2010-06-21,1.4897,1.5297,2.03%
1728,1728.0,2010-06-18,1.4600,1.5000,-3.33%
1729,1729.0,2010-06-17,1.5103,1.5503,-1.95%
1730,1730.0,2010-06-11,1.5403,1.5803,-0.18%
1731,1731.0,2010-06-10,1.5431,1.5831,0.59%
1732,1732.0,2010-06-09,1.5340,1.5740,2.02%
1733,1733.0,2010-06-08,1.5036,1.5436,1.17%
1734,1734.0,2010-06-07,1.4862,1.5262,-0.36%
1735,1735.0,2010-06-04,1.4915,1.5315,0.13%
1736,1736.0,2010-06-03,1.4896,1.5296,-0.45%
1737,1737.0,2010-06-02,1.4963,1.5363,0.87%
1738,1738.0,2010-06-01,1.4834,1.5234,-1.64%
1739,1739.0,2010-05-31,1.5082,1.5482,-2.28%
1740,1740.0,2010-05-28,1.5434,1.5834,0.08%
1741,1741.0,2010-05-27,1.5421,1.5821,1.74%
1742,1742.0,2010-05-26,1.5158,1.5558,-0.11%
1743,1743.0,2010-05-25,1.5175,1.5575,-1.33%
1744,1744.0,2010-05-24,1.5379,1.5779,3.42%
1745,1745.0,2010-05-21,1.4871,1.5271,2.93%
1746,1746.0,2010-05-20,1.4448,1.4848,-0.56%
1747,1747.0,2010-05-19,1.4529,1.4929,1.20%
1748,1748.0,2010-05-18,1.4357,1.4757,1.89%
1749,1749.0,2010-05-17,1.4091,1.4491,-4.91%
1750,1750.0,2010-05-14,1.4818,1.5218,0.03%
1751,1751.0,2010-05-13,1.4814,1.5214,2.67%
1752,1752.0,2010-05-12,1.4429,1.4829,-1.02%
1753,1753.0,2010-05-11,1.4577,1.4977,-1.85%
1754,1754.0,2010-05-10,1.4851,1.5251,-1.30%
1755,1755.0,2010-05-07,1.5047,1.5447,-2.73%
1756,1756.0,2010-05-06,1.5470,1.5870,-3.40%
1757,1757.0,2010-05-05,1.6015,1.6415,1.99%
1758,1758.0,2010-05-04,1.5703,1.6103,-0.61%
1759,1759.0,2010-04-30,1.5800,1.6200,-1.19%
1760,1760.0,2010-04-29,1.5991,1.6391,-2.83%
1761,1761.0,2010-04-28,1.6457,1.6857,-0.48%
1762,1762.0,2010-04-27,1.6537,1.6937,-1.99%
1763,1763.0,2010-04-26,1.6872,1.7272,-0.20%
1764,1764.0,2010-04-23,1.6906,1.7306,-0.45%
1765,1765.0,2010-04-22,1.6983,1.7383,0.57%
1766,1766.0,2010-04-21,1.6887,1.7287,2.64%
1767,1767.0,2010-04-20,1.6453,1.6853,0.69%
1768,1768.0,2010-04-19,1.6340,1.6740,-4.20%
1769,1769.0,2010-04-16,1.7056,1.7456,-0.40%
1770,1770.0,2010-04-15,1.7125,1.7525,-1.25%
1771,1771.0,2010-04-14,1.7341,1.7741,0.78%
1772,1772.0,2010-04-13,1.7206,1.7606,-0.81%
1773,1773.0,2010-04-12,1.7346,1.7746,0.49%
1774,1774.0,2010-04-09,1.7262,1.7662,1.46%
1775,1775.0,2010-04-08,1.7013,1.7413,-0.52%
1776,1776.0,2010-04-07,1.7102,1.7502,-0.02%
1777,1777.0,2010-04-06,1.7105,1.7505,0.18%
1778,1778.0,2010-04-02,1.7074,1.7474,0.59%
1779,1779.0,2010-04-01,1.6974,1.7374,1.59%
1780,1780.0,2010-03-31,1.6708,1.7108,-0.07%
1781,1781.0,2010-03-30,1.6720,1.7120,0.89%
1782,1782.0,2010-03-29,1.6572,1.6972,1.51%
1783,1783.0,2010-03-26,1.6326,1.6726,1.04%
1784,1784.0,2010-03-25,1.6158,1.6558,-0.60%
1785,1785.0,2010-03-24,1.6256,1.6656,0.44%
1786,1786.0,2010-03-23,1.6185,1.6585,-0.30%
1787,1787.0,2010-03-22,1.6234,1.6634,1.05%
1788,1788.0,2010-03-19,1.6065,1.6465,0.39%
1789,1789.0,2010-03-18,1.6003,1.6403,-0.06%
1790,1790.0,2010-03-17,1.6013,1.6413,2.50%
1791,1791.0,2010-03-16,1.5622,1.6022,0.30%
1792,1792.0,2010-03-15,1.5576,1.5976,-1.28%
1793,1793.0,2010-03-12,1.5778,1.6178,-0.87%
1794,1794.0,2010-03-11,1.5917,1.6317,-0.79%
1795,1795.0,2010-03-10,1.6043,1.6443,-1.25%
1796,1796.0,2010-03-09,1.6246,1.6646,0.15%
1797,1797.0,2010-03-08,1.6221,1.6621,0.95%
1798,1798.0,2010-03-05,1.6068,1.6468,0.06%
1799,1799.0,2010-03-04,1.6058,1.6458,-2.67%
1800,1800.0,2010-03-03,1.6498,1.6898,0.78%
1801,1801.0,2010-03-02,1.6370,1.6770,-0.07%
1802,1802.0,2010-03-01,1.6382,1.6782,0.79%
1803,1803.0,2010-02-26,1.6254,1.6654,-0.45%
1804,1804.0,2010-02-25,1.6328,1.6728,1.33%
1805,1805.0,2010-02-24,1.6113,1.6513,2.08%
1806,1806.0,2010-02-23,1.5785,1.6185,0.05%
1807,1807.0,2010-02-22,1.5777,1.6177,-0.38%
1808,1808.0,2010-02-12,1.5837,1.6237,1.62%
1809,1809.0,2010-02-11,1.5584,1.5984,0.01%
1810,1810.0,2010-02-10,1.5582,1.5982,2.02%
1811,1811.0,2010-02-09,1.5273,1.5673,0.35%
1812,1812.0,2010-02-08,1.5219,1.5619,0.14%
1813,1813.0,2010-02-05,1.5198,1.5598,-1.93%
1814,1814.0,2010-02-04,1.5497,1.5897,-0.24%
1815,1815.0,2010-02-03,1.5534,1.5934,1.90%
1816,1816.0,2010-02-02,1.5245,1.5645,-0.56%
1817,1817.0,2010-02-01,1.5331,1.5731,-1.85%
1818,1818.0,2010-01-29,1.5620,1.6020,0.57%
1819,1819.0,2010-01-28,1.5531,1.5931,0.92%
1820,1820.0,2010-01-27,1.5389,1.5789,-0.57%
1821,1821.0,2010-01-26,1.5477,1.5877,-2.92%
1822,1822.0,2010-01-25,1.5943,1.6343,-0.89%
1823,1823.0,2010-01-22,1.6086,1.6486,-2.74%
1824,1824.0,2010-01-21,1.6539,1.6939,-0.16%
1825,1825.0,2010-01-20,1.6565,1.6965,-3.73%
1826,1826.0,2010-01-19,1.7207,1.7607,-0.66%
1827,1827.0,2010-01-18,1.7321,1.7721,0.55%
1828,1828.0,2010-01-15,1.7226,1.7626,0.62%
1829,1829.0,2010-01-14,1.7120,1.7520,2.29%
1830,1830.0,2010-01-13,1.6737,1.7137,-1.68%
1831,1831.0,2010-01-12,1.7023,1.7423,2.18%
1832,1832.0,2010-01-11,1.6660,1.7060,0.01%
1833,1833.0,2010-01-08,1.6658,1.7058,-0.17%
1834,1834.0,2010-01-07,1.6686,1.7086,-1.90%
1835,1835.0,2010-01-06,1.7009,1.7409,0.30%
1836,1836.0,2010-01-05,1.6958,1.7358,0.93%
1837,1837.0,2010-01-04,1.6802,1.7202,-0.31%
1838,1838.0,2009-12-31,1.6855,1.7255,0.46%
1839,1839.0,2009-12-30,1.6777,1.7177,0.22%
1840,1840.0,2009-12-29,1.6741,1.7141,0.25%
1841,1841.0,2009-12-28,1.6699,1.7099,1.21%
1842,1842.0,2009-12-25,1.6499,1.6899,0.87%
1843,1843.0,2009-12-24,1.6356,1.6756,3.81%
1844,1844.0,2009-12-23,1.5756,1.6156,1.50%
1845,1845.0,2009-12-22,1.5523,1.5923,-2.65%
1846,1846.0,2009-12-21,1.5946,1.6346,0.43%
1847,1847.0,2009-12-18,1.5877,1.6277,-2.92%
1848,1848.0,2009-12-17,1.6355,1.6755,-3.10%
1849,1849.0,2009-12-16,1.6878,1.7278,-0.69%
1850,1850.0,2009-12-15,1.6995,1.7395,-0.15%
1851,1851.0,2009-12-14,1.7021,1.7421,0.44%
1852,1852.0,2009-12-11,1.6947,1.7347,-0.04%
1853,1853.0,2009-12-10,1.6954,1.7354,0.47%
1854,1854.0,2009-12-09,1.6875,1.7275,-1.81%
1855,1855.0,2009-12-08,1.7186,1.7586,-0.76%
1856,1856.0,2009-12-07,1.7317,1.7717,0.41%
1857,1857.0,2009-12-04,1.7247,1.7647,-1.04%
1858,1858.0,2009-12-03,1.7429,1.7829,0.55%
1859,1859.0,2009-12-02,1.7333,1.7733,1.46%
1860,1860.0,2009-12-01,1.7084,1.7484,1.81%
1861,1861.0,2009-11-30,1.6781,1.7181,4.09%
1862,1862.0,2009-11-27,1.6121,1.6521,-1.92%
1863,1863.0,2009-11-26,1.6436,1.6836,-3.52%
1864,1864.0,2009-11-25,1.7035,1.7435,2.97%
1865,1865.0,2009-11-24,1.6543,1.6943,-3.16%
1866,1866.0,2009-11-23,1.7083,1.7483,1.04%
1867,1867.0,2009-11-20,1.6907,1.7307,0.11%
1868,1868.0,2009-11-19,1.6889,1.7289,0.58%
1869,1869.0,2009-11-18,1.6791,1.7191,-0.29%
1870,1870.0,2009-11-17,1.6839,1.7239,0.23%
1871,1871.0,2009-11-16,1.6801,1.7201,2.68%
1872,1872.0,2009-11-13,1.6362,1.6762,0.70%
1873,1873.0,2009-11-12,1.6248,1.6648,0.02%
1874,1874.0,2009-11-11,1.6245,1.6645,-0.04%
1875,1875.0,2009-11-10,1.6252,1.6652,0.36%
1876,1876.0,2009-11-09,1.6193,1.6593,0.71%
1877,1877.0,2009-11-06,1.6079,1.6479,0.12%
1878,1878.0,2009-11-05,1.6060,1.6460,0.42%
1879,1879.0,2009-11-04,1.5993,1.6393,0.13%
1880,1880.0,2009-11-03,1.5973,1.6373,1.27%
1881,1881.0,2009-11-02,1.5773,1.6173,3.42%
1882,1882.0,2009-10-30,1.5252,1.5652,0.98%
1883,1883.0,2009-10-29,1.5104,1.5504,-1.93%
1884,1884.0,2009-10-28,1.5402,1.5802,0.82%
1885,1885.0,2009-10-27,1.5277,1.5677,-2.09%
1886,1886.0,2009-10-26,1.5603,1.6003,0.04%
1887,1887.0,2009-10-23,1.5596,1.5996,1.87%
1888,1888.0,2009-10-22,1.5310,1.5710,-0.20%
1889,1889.0,2009-10-21,1.5340,1.5740,-0.36%
1890,1890.0,2009-10-20,1.5395,1.5795,1.01%
1891,1891.0,2009-10-19,1.5241,1.5641,2.60%
1892,1892.0,2009-10-16,1.4855,1.5255,0.66%
1893,1893.0,2009-10-15,1.4757,1.5157,0.24%
1894,1894.0,2009-10-14,1.4721,1.5121,0.93%
1895,1895.0,2009-10-13,1.4585,1.4985,1.31%
1896,1896.0,2009-10-12,1.4396,1.4796,0.05%
1897,1897.0,2009-10-09,1.4389,1.4789,4.35%
1898,1898.0,2009-09-30,1.3789,1.4189,0.74%
1899,1899.0,2009-09-29,1.3688,1.4088,-0.04%
1900,1900.0,2009-09-28,1.3693,1.4093,-2.14%
1901,1901.0,2009-09-25,1.3992,1.4392,-0.70%
1902,1902.0,2009-09-24,1.4091,1.4491,-0.49%
1903,1903.0,2009-09-23,1.4161,1.4561,-2.03%
1904,1904.0,2009-09-22,1.4455,1.4855,-1.57%
1905,1905.0,2009-09-21,1.4686,1.5086,1.83%
1906,1906.0,2009-09-18,1.4422,1.4822,-3.03%
1907,1907.0,2009-09-17,1.4873,1.5273,1.63%
1908,1908.0,2009-09-16,1.4635,1.5035,-0.97%
1909,1909.0,2009-09-15,1.4778,1.5178,0.33%
1910,1910.0,2009-09-14,1.4729,1.5129,1.75%
1911,1911.0,2009-09-11,1.4475,1.4875,1.79%
1912,1912.0,2009-09-10,1.4220,1.4620,-0.86%
1913,1913.0,2009-09-09,1.4344,1.4744,0.96%
1914,1914.0,2009-09-08,1.4208,1.4608,2.69%
1915,1915.0,2009-09-07,1.3836,1.4236,0.49%
1916,1916.0,2009-09-04,1.3769,1.4169,1.18%
1917,1917.0,2009-09-03,1.3609,1.4009,4.95%
1918,1918.0,2009-09-02,1.2967,1.3367,1.23%
1919,1919.0,2009-09-01,1.2809,1.3209,-0.64%
1920,1920.0,2009-08-31,1.2892,1.3292,-5.71%
1921,1921.0,2009-08-28,1.3672,1.4072,-2.94%
1922,1922.0,2009-08-27,1.4086,1.4486,-0.67%
1923,1923.0,2009-08-26,1.4181,1.4581,1.84%
1924,1924.0,2009-08-25,1.3925,1.4325,-2.28%
1925,1925.0,2009-08-24,1.4250,1.4650,1.99%
1926,1926.0,2009-08-21,1.3972,1.4372,2.40%
1927,1927.0,2009-08-20,1.3644,1.4044,4.72%
1928,1928.0,2009-08-19,1.3029,1.3429,-3.88%
1929,1929.0,2009-08-18,1.3555,1.3955,1.31%
1930,1930.0,2009-08-17,1.3380,1.3780,-6.75%
1931,1931.0,2009-08-14,1.4348,1.4748,-2.91%
1932,1932.0,2009-08-13,1.4778,1.5178,0.94%
1933,1933.0,2009-08-12,1.4641,1.5041,-3.85%
1934,1934.0,2009-08-11,1.5227,1.5627,0.50%
1935,1935.0,2009-08-10,1.5151,1.5551,0.16%
1936,1936.0,2009-08-07,1.5127,1.5527,-3.43%
1937,1937.0,2009-08-06,1.5664,1.6064,-1.52%
1938,1938.0,2009-08-05,1.5905,1.6305,-1.09%
1939,1939.0,2009-08-04,1.6080,1.6480,1.99%
1940,1940.0,2009-08-03,1.5766,1.6166,1.84%
1941,1941.0,2009-07-31,1.5481,1.5881,3.28%
1942,1942.0,2009-07-30,1.4989,1.5389,0.56%
1943,1943.0,2009-07-29,1.4906,1.5306,-5.72%
1944,1944.0,2009-07-28,1.5811,1.6211,-0.23%
1945,1945.0,2009-07-27,1.5848,1.6248,1.01%
1946,1946.0,2009-07-24,1.5689,1.6089,-0.44%
1947,1947.0,2009-07-23,1.5759,1.6159,0.83%
1948,1948.0,2009-07-22,1.5630,1.6030,2.36%
1949,1949.0,2009-07-21,1.5269,1.5669,-1.76%
1950,1950.0,2009-07-20,1.5543,1.5943,2.15%
1951,1951.0,2009-07-17,1.5216,1.5616,0.64%
1952,1952.0,2009-07-16,1.5119,1.5519,-0.07%
1953,1953.0,2009-07-15,1.5130,1.5530,1.06%
1954,1954.0,2009-07-14,1.4972,1.5372,1.91%
1955,1955.0,2009-07-13,1.4691,1.5091,0.42%
1956,1956.0,2009-07-10,1.4629,1.5029,1.20%
1957,1957.0,2009-07-09,1.4455,1.4855,1.24%
1958,1958.0,2009-07-08,1.4278,1.4678,1.10%
1959,1959.0,2009-07-07,1.4123,1.4523,-0.37%
1960,1960.0,2009-07-06,1.4176,1.4576,0.72%
1961,1961.0,2009-07-03,1.4074,1.4474,1.83%
1962,1962.0,2009-07-02,1.3821,1.4221,1.28%
1963,1963.0,2009-07-01,1.3646,1.4046,1.55%
1964,1964.0,2009-06-30,1.3438,1.3838,-0.05%
1965,1965.0,2009-06-29,1.3445,1.3845,1.66%
1966,1966.0,2009-06-26,1.3226,1.3626,0.27%
1967,1967.0,2009-06-25,1.3191,1.3591,-0.23%
1968,1968.0,2009-06-24,1.3221,1.3621,1.75%
1969,1969.0,2009-06-23,1.2994,1.3394,0.19%
1970,1970.0,2009-06-22,1.2970,1.3370,-0.79%
1971,1971.0,2009-06-19,1.3073,1.3473,-0.18%
1972,1972.0,2009-06-18,1.3097,1.3497,1.39%
1973,1973.0,2009-06-17,1.2918,1.3318,1.11%
1974,1974.0,2009-06-16,1.2776,1.3176,-0.23%
1975,1975.0,2009-06-15,1.2805,1.3205,1.11%
1976,1976.0,2009-06-12,1.2665,1.3065,-1.97%
1977,1977.0,2009-06-11,1.2920,1.3320,-0.49%
1978,1978.0,2009-06-10,1.2984,1.3384,-0.01%
1979,1979.0,2009-06-09,1.2985,1.3385,0.48%
1980,1980.0,2009-06-08,1.2923,1.3323,-0.94%
1981,1981.0,2009-06-05,1.3045,1.3445,-0.76%
1982,1982.0,2009-06-04,1.3145,1.3545,-0.48%
1983,1983.0,2009-06-03,1.3208,1.3608,0.02%
1984,1984.0,2009-06-02,1.3206,1.3606,0.02%
1985,1985.0,2009-06-01,1.3204,1.3604,1.51%
1986,1986.0,2009-05-27,1.3007,1.3407,0.98%
1987,1987.0,2009-05-26,1.2881,1.3281,0.33%
1988,1988.0,2009-05-25,1.2839,1.3239,0.56%
1989,1989.0,2009-05-22,1.2768,1.3168,-0.13%
